threshold,precision,recall,f1,mcc,tn,fp,fn,tp
0.001,0.044361833952912016,1.0,0.08495491219743712,0.0,0,7712,0,358
0.002,0.06993642143505904,0.8603351955307262,0.12935741285174296,0.13613963223154557,3616,4096,50,308
0.003,0.13381294964028778,0.5195530726256983,0.2128146453089245,0.19817708751073213,6508,1204,172,186
0.004,0.17794486215538846,0.39664804469273746,0.24567474048442905,0.21491874991596852,7056,656,216,142
0.005,0.23647294589178355,0.329608938547486,0.27537922987164526,0.2395381253383182,7331,381,240,118
0.006,0.2798913043478261,0.2877094972067039,0.2837465564738292,0.2500437011345245,7447,265,255,103
0.007,0.32342007434944237,0.2430167597765363,0.27751196172248804,0.25167748386517674,7530,182,271,87
0.008,0.35545023696682465,0.20949720670391062,0.26362038664323373,0.2475653820631502,7576,136,283,75
0.009000000000000001,0.391812865497076,0.1871508379888268,0.2533081285444234,0.24828707637819353,7608,104,291,67
0.010000000000000002,0.4246575342465753,0.17318435754189945,0.24603174603174602,0.25071142227219484,7628,84,296,62
0.011,0.42857142857142855,0.15083798882681565,0.2231404958677686,0.23500785133759813,7640,72,304,54
0.012,0.46153846153846156,0.1340782122905028,0.2077922077922078,0.23150746450516743,7656,56,310,48
0.013000000000000001,0.4777777777777778,0.12011173184357542,0.19196428571428573,0.22354924292452996,7665,47,315,43
0.014000000000000002,0.48717948717948717,0.10614525139664804,0.1743119266055046,0.212467741132953,7672,40,320,38
0.015,0.5066666666666667,0.10614525139664804,0.17551963048498845,0.2174694930002834,7675,37,320,38
0.016,0.5303030303030303,0.09776536312849161,0.1650943396226415,0.21431405683002006,7681,31,323,35
0.017,0.55,0.09217877094972067,0.15789473684210525,0.21254344990951948,7685,27,325,33
0.018000000000000002,0.5925925925925926,0.0893854748603352,0.1553398058252427,0.21853949476174608,7690,22,326,32
0.019000000000000003,0.58,0.08100558659217877,0.14215686274509803,0.20540823146225357,7691,21,329,29
0.02,0.5833333333333334,0.0782122905027933,0.13793103448275862,0.20248534729127884,7692,20,330,28
0.021,0.5957446808510638,0.0782122905027933,0.1382716049382716,0.20496622156931593,7693,19,330,28
0.022000000000000002,0.6,0.07541899441340782,0.13399503722084366,0.20208045753237544,7694,18,331,27
0.023,0.6097560975609756,0.06983240223463687,0.12531328320802004,0.19622805910294397,7696,16,333,25
0.024,0.6,0.0670391061452514,0.12060301507537688,0.19046395716173595,7696,16,334,24
0.025,0.6216216216216216,0.06424581005586592,0.11645569620253164,0.19027502811794195,7698,14,335,23
0.026000000000000002,0.6216216216216216,0.06424581005586592,0.11645569620253164,0.19027502811794195,7698,14,335,23
0.027000000000000003,0.6216216216216216,0.06424581005586592,0.11645569620253164,0.19027502811794195,7698,14,335,23
0.028,0.6111111111111112,0.061452513966480445,0.1116751269035533,0.18425735072458613,7698,14,336,22
0.029,0.6,0.05865921787709497,0.10687022900763359,0.17810727610210791,7698,14,337,21
0.030000000000000002,0.6,0.05865921787709497,0.10687022900763359,0.17810727610210791,7698,14,337,21
0.031,0.6176470588235294,0.05865921787709497,0.10714285714285714,0.18110846696322755,7699,13,337,21
0.032,0.6363636363636364,0.05865921787709497,0.10741687979539642,0.18423898217353485,7700,12,337,21
0.033,0.65625,0.05865921787709497,0.1076923076923077,0.18750875626701166,7701,11,337,21
0.034,0.65625,0.05865921787709497,0.1076923076923077,0.18750875626701166,7701,11,337,21
0.035,0.6451612903225806,0.055865921787709494,0.10282776349614396,0.1811998669980872,7701,11,338,20
0.036000000000000004,0.6451612903225806,0.055865921787709494,0.10282776349614396,0.1811998669980872,7701,11,338,20
0.037000000000000005,0.6451612903225806,0.055865921787709494,0.10282776349614396,0.1811998669980872,7701,11,338,20
0.038,0.6451612903225806,0.055865921787709494,0.10282776349614396,0.1811998669980872,7701,11,338,20
0.039,0.6451612903225806,0.055865921787709494,0.10282776349614396,0.1811998669980872,7701,11,338,20
0.04,0.6451612903225806,0.055865921787709494,0.10282776349614396,0.1811998669980872,7701,11,338,20
0.041,0.6451612903225806,0.055865921787709494,0.10282776349614396,0.1811998669980872,7701,11,338,20
0.042,0.6451612903225806,0.055865921787709494,0.10282776349614396,0.1811998669980872,7701,11,338,20
0.043000000000000003,0.6333333333333333,0.05307262569832402,0.0979381443298969,0.17473318512003647,7701,11,339,19
0.044000000000000004,0.6333333333333333,0.05307262569832402,0.0979381443298969,0.17473318512003647,7701,11,339,19
0.045,0.6551724137931034,0.05307262569832402,0.09819121447028424,0.1781554160318978,7702,10,339,19
0.046,0.6551724137931034,0.05307262569832402,0.09819121447028424,0.1781554160318978,7702,10,339,19
0.047,0.6428571428571429,0.05027932960893855,0.09326424870466321,0.17151663314246748,7702,10,340,18
0.048,0.6428571428571429,0.05027932960893855,0.09326424870466321,0.17151663314246748,7702,10,340,18
0.049,0.6666666666666666,0.05027932960893855,0.09350649350649351,0.1751154773549332,7703,9,340,18
0.05,0.6666666666666666,0.05027932960893855,0.09350649350649351,0.1751154773549332,7703,9,340,18
0.051000000000000004,0.6538461538461539,0.04748603351955307,0.08854166666666667,0.1682913100027759,7703,9,341,17
0.052000000000000005,0.6538461538461539,0.04748603351955307,0.08854166666666667,0.1682913100027759,7703,9,341,17
0.053000000000000005,0.6538461538461539,0.04748603351955307,0.08854166666666667,0.1682913100027759,7703,9,341,17
0.054,0.6538461538461539,0.04748603351955307,0.08854166666666667,0.1682913100027759,7703,9,341,17
0.055,0.68,0.04748603351955307,0.08877284595300261,0.1720938922028339,7704,8,341,17
0.056,0.7083333333333334,0.04748603351955307,0.08900523560209424,0.17612197852300826,7705,7,341,17
0.057,0.6956521739130435,0.0446927374301676,0.08398950131233596,0.16911030195544252,7705,7,342,16
0.058,0.6956521739130435,0.0446927374301676,0.08398950131233596,0.16911030195544252,7705,7,342,16
0.059000000000000004,0.6956521739130435,0.0446927374301676,0.08398950131233596,0.16911030195544252,7705,7,342,16
0.060000000000000005,0.6956521739130435,0.0446927374301676,0.08398950131233596,0.16911030195544252,7705,7,342,16
0.061,0.6956521739130435,0.0446927374301676,0.08398950131233596,0.16911030195544252,7705,7,342,16
0.062,0.6956521739130435,0.0446927374301676,0.08398950131233596,0.16911030195544252,7705,7,342,16
0.063,0.6956521739130435,0.0446927374301676,0.08398950131233596,0.16911030195544252,7705,7,342,16
0.064,0.6956521739130435,0.0446927374301676,0.08398950131233596,0.16911030195544252,7705,7,342,16
0.065,0.7272727272727273,0.0446927374301676,0.08421052631578947,0.17341230377000835,7706,6,342,16
0.066,0.7272727272727273,0.0446927374301676,0.08421052631578947,0.17341230377000835,7706,6,342,16
0.067,0.7272727272727273,0.0446927374301676,0.08421052631578947,0.17341230377000835,7706,6,342,16
0.068,0.7272727272727273,0.0446927374301676,0.08421052631578947,0.17341230377000835,7706,6,342,16
0.069,0.7272727272727273,0.0446927374301676,0.08421052631578947,0.17341230377000835,7706,6,342,16
0.07,0.7272727272727273,0.0446927374301676,0.08421052631578947,0.17341230377000835,7706,6,342,16
0.07100000000000001,0.7272727272727273,0.0446927374301676,0.08421052631578947,0.17341230377000835,7706,6,342,16
0.07200000000000001,0.7272727272727273,0.0446927374301676,0.08421052631578947,0.17341230377000835,7706,6,342,16
0.07300000000000001,0.7272727272727273,0.0446927374301676,0.08421052631578947,0.17341230377000835,7706,6,342,16
0.074,0.7272727272727273,0.0446927374301676,0.08421052631578947,0.17341230377000835,7706,6,342,16
0.075,0.7272727272727273,0.0446927374301676,0.08421052631578947,0.17341230377000835,7706,6,342,16
0.076,0.7,0.03910614525139665,0.07407407407407407,0.1587193204536559,7706,6,344,14
0.077,0.7,0.03910614525139665,0.07407407407407407,0.1587193204536559,7706,6,344,14
0.078,0.6842105263157895,0.036312849162011177,0.06896551724137931,0.15096549134700288,7706,6,345,13
0.079,0.6666666666666666,0.0335195530726257,0.06382978723404255,0.14290125866682057,7706,6,346,12
0.08,0.6666666666666666,0.0335195530726257,0.06382978723404255,0.14290125866682057,7706,6,346,12
0.081,0.6666666666666666,0.0335195530726257,0.06382978723404255,0.14290125866682057,7706,6,346,12
0.082,0.6666666666666666,0.0335195530726257,0.06382978723404255,0.14290125866682057,7706,6,346,12
0.083,0.6666666666666666,0.0335195530726257,0.06382978723404255,0.14290125866682057,7706,6,346,12
0.084,0.6666666666666666,0.0335195530726257,0.06382978723404255,0.14290125866682057,7706,6,346,12
0.085,0.6666666666666666,0.0335195530726257,0.06382978723404255,0.14290125866682057,7706,6,346,12
0.08600000000000001,0.6666666666666666,0.0335195530726257,0.06382978723404255,0.14290125866682057,7706,6,346,12
0.08700000000000001,0.6666666666666666,0.0335195530726257,0.06382978723404255,0.14290125866682057,7706,6,346,12
0.08800000000000001,0.6666666666666666,0.0335195530726257,0.06382978723404255,0.14290125866682057,7706,6,346,12
0.089,0.7058823529411765,0.0335195530726257,0.064,0.14761736259437944,7707,5,346,12
0.09,0.7058823529411765,0.0335195530726257,0.064,0.14761736259437944,7707,5,346,12
0.091,0.75,0.0335195530726257,0.06417112299465241,0.1527512427352906,7708,4,346,12
0.092,0.75,0.0335195530726257,0.06417112299465241,0.1527512427352906,7708,4,346,12
0.093,0.75,0.0335195530726257,0.06417112299465241,0.1527512427352906,7708,4,346,12
0.094,0.8,0.0335195530726257,0.064343163538874,0.15837085210047344,7709,3,346,12
0.095,0.8,0.0335195530726257,0.064343163538874,0.15837085210047344,7709,3,346,12
0.096,0.8,0.0335195530726257,0.064343163538874,0.15837085210047344,7709,3,346,12
0.097,0.8,0.0335195530726257,0.064343163538874,0.15837085210047344,7709,3,346,12
0.098,0.8,0.0335195530726257,0.064343163538874,0.15837085210047344,7709,3,346,12
0.099,0.8,0.0335195530726257,0.064343163538874,0.15837085210047344,7709,3,346,12
0.1,0.8,0.0335195530726257,0.064343163538874,0.15837085210047344,7709,3,346,12
0.101,0.8,0.0335195530726257,0.064343163538874,0.15837085210047344,7709,3,346,12
0.10200000000000001,0.8,0.0335195530726257,0.064343163538874,0.15837085210047344,7709,3,346,12
0.10300000000000001,0.8,0.0335195530726257,0.064343163538874,0.15837085210047344,7709,3,346,12
0.10400000000000001,0.8,0.0335195530726257,0.064343163538874,0.15837085210047344,7709,3,346,12
0.10500000000000001,0.8,0.0335195530726257,0.064343163538874,0.15837085210047344,7709,3,346,12
0.106,0.8,0.0335195530726257,0.064343163538874,0.15837085210047344,7709,3,346,12
0.107,0.8,0.0335195530726257,0.064343163538874,0.15837085210047344,7709,3,346,12
0.108,0.8,0.0335195530726257,0.064343163538874,0.15837085210047344,7709,3,346,12
0.109,0.8,0.0335195530726257,0.064343163538874,0.15837085210047344,7709,3,346,12
0.11,0.8,0.0335195530726257,0.064343163538874,0.15837085210047344,7709,3,346,12
0.111,0.8,0.0335195530726257,0.064343163538874,0.15837085210047344,7709,3,346,12
0.112,0.8,0.0335195530726257,0.064343163538874,0.15837085210047344,7709,3,346,12
0.113,0.8,0.0335195530726257,0.064343163538874,0.15837085210047344,7709,3,346,12
0.114,0.8,0.0335195530726257,0.064343163538874,0.15837085210047344,7709,3,346,12
0.115,0.8,0.0335195530726257,0.064343163538874,0.15837085210047344,7709,3,346,12
0.116,0.8,0.0335195530726257,0.064343163538874,0.15837085210047344,7709,3,346,12
0.117,0.8,0.0335195530726257,0.064343163538874,0.15837085210047344,7709,3,346,12
0.11800000000000001,0.8,0.0335195530726257,0.064343163538874,0.15837085210047344,7709,3,346,12
0.11900000000000001,0.8,0.0335195530726257,0.064343163538874,0.15837085210047344,7709,3,346,12
0.12000000000000001,0.8,0.0335195530726257,0.064343163538874,0.15837085210047344,7709,3,346,12
0.121,0.8,0.0335195530726257,0.064343163538874,0.15837085210047344,7709,3,346,12
0.122,0.8,0.0335195530726257,0.064343163538874,0.15837085210047344,7709,3,346,12
0.123,0.8,0.0335195530726257,0.064343163538874,0.15837085210047344,7709,3,346,12
0.124,0.8,0.0335195530726257,0.064343163538874,0.15837085210047344,7709,3,346,12
0.125,0.8,0.0335195530726257,0.064343163538874,0.15837085210047344,7709,3,346,12
0.126,0.8,0.0335195530726257,0.064343163538874,0.15837085210047344,7709,3,346,12
0.127,0.8,0.0335195530726257,0.064343163538874,0.15837085210047344,7709,3,346,12
0.128,0.8,0.0335195530726257,0.064343163538874,0.15837085210047344,7709,3,346,12
0.129,0.8,0.0335195530726257,0.064343163538874,0.15837085210047344,7709,3,346,12
0.13,0.8,0.0335195530726257,0.064343163538874,0.15837085210047344,7709,3,346,12
0.131,0.8,0.0335195530726257,0.064343163538874,0.15837085210047344,7709,3,346,12
0.132,0.8,0.0335195530726257,0.064343163538874,0.15837085210047344,7709,3,346,12
0.133,0.8,0.0335195530726257,0.064343163538874,0.15837085210047344,7709,3,346,12
0.134,0.8,0.0335195530726257,0.064343163538874,0.15837085210047344,7709,3,346,12
0.135,0.8,0.0335195530726257,0.064343163538874,0.15837085210047344,7709,3,346,12
0.136,0.8,0.0335195530726257,0.064343163538874,0.15837085210047344,7709,3,346,12
0.137,0.8,0.0335195530726257,0.064343163538874,0.15837085210047344,7709,3,346,12
0.138,0.8,0.0335195530726257,0.064343163538874,0.15837085210047344,7709,3,346,12
0.139,0.8,0.0335195530726257,0.064343163538874,0.15837085210047344,7709,3,346,12
0.14,0.8,0.0335195530726257,0.064343163538874,0.15837085210047344,7709,3,346,12
0.14100000000000001,0.8,0.0335195530726257,0.064343163538874,0.15837085210047344,7709,3,346,12
0.14200000000000002,0.8,0.0335195530726257,0.064343163538874,0.15837085210047344,7709,3,346,12
0.14300000000000002,0.8,0.0335195530726257,0.064343163538874,0.15837085210047344,7709,3,346,12
0.14400000000000002,0.8,0.0335195530726257,0.064343163538874,0.15837085210047344,7709,3,346,12
0.14500000000000002,0.8,0.0335195530726257,0.064343163538874,0.15837085210047344,7709,3,346,12
0.146,0.8,0.0335195530726257,0.064343163538874,0.15837085210047344,7709,3,346,12
0.147,0.8,0.0335195530726257,0.064343163538874,0.15837085210047344,7709,3,346,12
0.148,0.8,0.0335195530726257,0.064343163538874,0.15837085210047344,7709,3,346,12
0.149,0.8,0.0335195530726257,0.064343163538874,0.15837085210047344,7709,3,346,12
0.15,0.8,0.0335195530726257,0.064343163538874,0.15837085210047344,7709,3,346,12
0.151,0.8,0.0335195530726257,0.064343163538874,0.15837085210047344,7709,3,346,12
0.152,0.8,0.0335195530726257,0.064343163538874,0.15837085210047344,7709,3,346,12
0.153,0.8,0.0335195530726257,0.064343163538874,0.15837085210047344,7709,3,346,12
0.154,0.8,0.0335195530726257,0.064343163538874,0.15837085210047344,7709,3,346,12
0.155,0.8,0.0335195530726257,0.064343163538874,0.15837085210047344,7709,3,346,12
0.156,0.8,0.0335195530726257,0.064343163538874,0.15837085210047344,7709,3,346,12
0.157,0.8,0.0335195530726257,0.064343163538874,0.15837085210047344,7709,3,346,12
0.158,0.8,0.0335195530726257,0.064343163538874,0.15837085210047344,7709,3,346,12
0.159,0.8,0.0335195530726257,0.064343163538874,0.15837085210047344,7709,3,346,12
0.16,0.8,0.0335195530726257,0.064343163538874,0.15837085210047344,7709,3,346,12
0.161,0.8,0.0335195530726257,0.064343163538874,0.15837085210047344,7709,3,346,12
0.162,0.8,0.0335195530726257,0.064343163538874,0.15837085210047344,7709,3,346,12
0.163,0.8,0.0335195530726257,0.064343163538874,0.15837085210047344,7709,3,346,12
0.164,0.8,0.0335195530726257,0.064343163538874,0.15837085210047344,7709,3,346,12
0.165,0.7857142857142857,0.030726256983240222,0.05913978494623656,0.15009890645099658,7709,3,347,11
0.166,0.7857142857142857,0.030726256983240222,0.05913978494623656,0.15009890645099658,7709,3,347,11
0.167,0.8461538461538461,0.030726256983240222,0.05929919137466307,0.15642106215990745,7710,2,347,11
0.168,0.8461538461538461,0.030726256983240222,0.05929919137466307,0.15642106215990745,7710,2,347,11
0.169,0.8461538461538461,0.030726256983240222,0.05929919137466307,0.15642106215990745,7710,2,347,11
0.17,0.8461538461538461,0.030726256983240222,0.05929919137466307,0.15642106215990745,7710,2,347,11
0.171,0.8461538461538461,0.030726256983240222,0.05929919137466307,0.15642106215990745,7710,2,347,11
0.17200000000000001,0.8461538461538461,0.030726256983240222,0.05929919137466307,0.15642106215990745,7710,2,347,11
0.17300000000000001,0.8461538461538461,0.030726256983240222,0.05929919137466307,0.15642106215990745,7710,2,347,11
0.17400000000000002,0.8461538461538461,0.030726256983240222,0.05929919137466307,0.15642106215990745,7710,2,347,11
0.17500000000000002,0.8461538461538461,0.030726256983240222,0.05929919137466307,0.15642106215990745,7710,2,347,11
0.17600000000000002,0.8461538461538461,0.030726256983240222,0.05929919137466307,0.15642106215990745,7710,2,347,11
0.177,0.8461538461538461,0.030726256983240222,0.05929919137466307,0.15642106215990745,7710,2,347,11
0.178,0.8461538461538461,0.030726256983240222,0.05929919137466307,0.15642106215990745,7710,2,347,11
0.179,0.8461538461538461,0.030726256983240222,0.05929919137466307,0.15642106215990745,7710,2,347,11
0.18,0.8461538461538461,0.030726256983240222,0.05929919137466307,0.15642106215990745,7710,2,347,11
0.181,0.8461538461538461,0.030726256983240222,0.05929919137466307,0.15642106215990745,7710,2,347,11
0.182,0.8461538461538461,0.030726256983240222,0.05929919137466307,0.15642106215990745,7710,2,347,11
0.183,0.8461538461538461,0.030726256983240222,0.05929919137466307,0.15642106215990745,7710,2,347,11
0.184,0.8461538461538461,0.030726256983240222,0.05929919137466307,0.15642106215990745,7710,2,347,11
0.185,0.8461538461538461,0.030726256983240222,0.05929919137466307,0.15642106215990745,7710,2,347,11
0.186,0.8461538461538461,0.030726256983240222,0.05929919137466307,0.15642106215990745,7710,2,347,11
0.187,0.8461538461538461,0.030726256983240222,0.05929919137466307,0.15642106215990745,7710,2,347,11
0.188,0.8461538461538461,0.030726256983240222,0.05929919137466307,0.15642106215990745,7710,2,347,11
0.189,0.8461538461538461,0.030726256983240222,0.05929919137466307,0.15642106215990745,7710,2,347,11
0.19,0.8461538461538461,0.030726256983240222,0.05929919137466307,0.15642106215990745,7710,2,347,11
0.191,0.8461538461538461,0.030726256983240222,0.05929919137466307,0.15642106215990745,7710,2,347,11
0.192,0.8461538461538461,0.030726256983240222,0.05929919137466307,0.15642106215990745,7710,2,347,11
0.193,0.8461538461538461,0.030726256983240222,0.05929919137466307,0.15642106215990745,7710,2,347,11
0.194,0.8461538461538461,0.030726256983240222,0.05929919137466307,0.15642106215990745,7710,2,347,11
0.195,0.8461538461538461,0.030726256983240222,0.05929919137466307,0.15642106215990745,7710,2,347,11
0.196,0.8461538461538461,0.030726256983240222,0.05929919137466307,0.15642106215990745,7710,2,347,11
0.197,0.8461538461538461,0.030726256983240222,0.05929919137466307,0.15642106215990745,7710,2,347,11
0.198,0.8461538461538461,0.030726256983240222,0.05929919137466307,0.15642106215990745,7710,2,347,11
0.199,0.8461538461538461,0.030726256983240222,0.05929919137466307,0.15642106215990745,7710,2,347,11
0.2,0.8461538461538461,0.030726256983240222,0.05929919137466307,0.15642106215990745,7710,2,347,11
0.201,0.8461538461538461,0.030726256983240222,0.05929919137466307,0.15642106215990745,7710,2,347,11
0.202,0.8461538461538461,0.030726256983240222,0.05929919137466307,0.15642106215990745,7710,2,347,11
0.203,0.8461538461538461,0.030726256983240222,0.05929919137466307,0.15642106215990745,7710,2,347,11
0.20400000000000001,0.8461538461538461,0.030726256983240222,0.05929919137466307,0.15642106215990745,7710,2,347,11
0.20500000000000002,0.8461538461538461,0.030726256983240222,0.05929919137466307,0.15642106215990745,7710,2,347,11
0.20600000000000002,0.8461538461538461,0.030726256983240222,0.05929919137466307,0.15642106215990745,7710,2,347,11
0.20700000000000002,0.8461538461538461,0.030726256983240222,0.05929919137466307,0.15642106215990745,7710,2,347,11
0.20800000000000002,0.8461538461538461,0.030726256983240222,0.05929919137466307,0.15642106215990745,7710,2,347,11
0.20900000000000002,0.8461538461538461,0.030726256983240222,0.05929919137466307,0.15642106215990745,7710,2,347,11
0.21,0.8461538461538461,0.030726256983240222,0.05929919137466307,0.15642106215990745,7710,2,347,11
0.211,0.8461538461538461,0.030726256983240222,0.05929919137466307,0.15642106215990745,7710,2,347,11
0.212,0.8461538461538461,0.030726256983240222,0.05929919137466307,0.15642106215990745,7710,2,347,11
0.213,0.8461538461538461,0.030726256983240222,0.05929919137466307,0.15642106215990745,7710,2,347,11
0.214,0.8461538461538461,0.030726256983240222,0.05929919137466307,0.15642106215990745,7710,2,347,11
0.215,0.8461538461538461,0.030726256983240222,0.05929919137466307,0.15642106215990745,7710,2,347,11
0.216,0.8461538461538461,0.030726256983240222,0.05929919137466307,0.15642106215990745,7710,2,347,11
0.217,0.8461538461538461,0.030726256983240222,0.05929919137466307,0.15642106215990745,7710,2,347,11
0.218,0.8461538461538461,0.030726256983240222,0.05929919137466307,0.15642106215990745,7710,2,347,11
0.219,0.8461538461538461,0.030726256983240222,0.05929919137466307,0.15642106215990745,7710,2,347,11
0.22,0.8461538461538461,0.030726256983240222,0.05929919137466307,0.15642106215990745,7710,2,347,11
0.221,0.8461538461538461,0.030726256983240222,0.05929919137466307,0.15642106215990745,7710,2,347,11
0.222,0.8461538461538461,0.030726256983240222,0.05929919137466307,0.15642106215990745,7710,2,347,11
0.223,0.8461538461538461,0.030726256983240222,0.05929919137466307,0.15642106215990745,7710,2,347,11
0.224,0.8461538461538461,0.030726256983240222,0.05929919137466307,0.15642106215990745,7710,2,347,11
0.225,0.8461538461538461,0.030726256983240222,0.05929919137466307,0.15642106215990745,7710,2,347,11
0.226,0.8461538461538461,0.030726256983240222,0.05929919137466307,0.15642106215990745,7710,2,347,11
0.227,0.8461538461538461,0.030726256983240222,0.05929919137466307,0.15642106215990745,7710,2,347,11
0.228,0.8461538461538461,0.030726256983240222,0.05929919137466307,0.15642106215990745,7710,2,347,11
0.229,0.8461538461538461,0.030726256983240222,0.05929919137466307,0.15642106215990745,7710,2,347,11
0.23,0.8461538461538461,0.030726256983240222,0.05929919137466307,0.15642106215990745,7710,2,347,11
0.231,0.8333333333333334,0.027932960893854747,0.05405405405405406,0.14787229648130892,7710,2,348,10
0.232,0.8333333333333334,0.027932960893854747,0.05405405405405406,0.14787229648130892,7710,2,348,10
0.233,0.8333333333333334,0.027932960893854747,0.05405405405405406,0.14787229648130892,7710,2,348,10
0.234,0.8333333333333334,0.027932960893854747,0.05405405405405406,0.14787229648130892,7710,2,348,10
0.23500000000000001,0.8333333333333334,0.027932960893854747,0.05405405405405406,0.14787229648130892,7710,2,348,10
0.23600000000000002,0.8333333333333334,0.027932960893854747,0.05405405405405406,0.14787229648130892,7710,2,348,10
0.23700000000000002,0.8333333333333334,0.027932960893854747,0.05405405405405406,0.14787229648130892,7710,2,348,10
0.23800000000000002,0.8333333333333334,0.027932960893854747,0.05405405405405406,0.14787229648130892,7710,2,348,10
0.23900000000000002,0.8333333333333334,0.027932960893854747,0.05405405405405406,0.14787229648130892,7710,2,348,10
0.24000000000000002,0.8333333333333334,0.027932960893854747,0.05405405405405406,0.14787229648130892,7710,2,348,10
0.241,0.8333333333333334,0.027932960893854747,0.05405405405405406,0.14787229648130892,7710,2,348,10
0.242,0.8333333333333334,0.027932960893854747,0.05405405405405406,0.14787229648130892,7710,2,348,10
0.243,0.8333333333333334,0.027932960893854747,0.05405405405405406,0.14787229648130892,7710,2,348,10
0.244,0.8333333333333334,0.027932960893854747,0.05405405405405406,0.14787229648130892,7710,2,348,10
0.245,0.8333333333333334,0.027932960893854747,0.05405405405405406,0.14787229648130892,7710,2,348,10
0.246,0.8333333333333334,0.027932960893854747,0.05405405405405406,0.14787229648130892,7710,2,348,10
0.247,0.8333333333333334,0.027932960893854747,0.05405405405405406,0.14787229648130892,7710,2,348,10
0.248,0.8333333333333334,0.027932960893854747,0.05405405405405406,0.14787229648130892,7710,2,348,10
0.249,0.8333333333333334,0.027932960893854747,0.05405405405405406,0.14787229648130892,7710,2,348,10
0.25,0.8333333333333334,0.027932960893854747,0.05405405405405406,0.14787229648130892,7710,2,348,10
0.251,0.8333333333333334,0.027932960893854747,0.05405405405405406,0.14787229648130892,7710,2,348,10
0.252,0.8333333333333334,0.027932960893854747,0.05405405405405406,0.14787229648130892,7710,2,348,10
0.253,0.8333333333333334,0.027932960893854747,0.05405405405405406,0.14787229648130892,7710,2,348,10
0.254,0.8333333333333334,0.027932960893854747,0.05405405405405406,0.14787229648130892,7710,2,348,10
0.255,0.8333333333333334,0.027932960893854747,0.05405405405405406,0.14787229648130892,7710,2,348,10
0.256,0.8333333333333334,0.027932960893854747,0.05405405405405406,0.14787229648130892,7710,2,348,10
0.257,0.8333333333333334,0.027932960893854747,0.05405405405405406,0.14787229648130892,7710,2,348,10
0.258,0.8333333333333334,0.027932960893854747,0.05405405405405406,0.14787229648130892,7710,2,348,10
0.259,0.8333333333333334,0.027932960893854747,0.05405405405405406,0.14787229648130892,7710,2,348,10
0.26,0.8333333333333334,0.027932960893854747,0.05405405405405406,0.14787229648130892,7710,2,348,10
0.261,0.8333333333333334,0.027932960893854747,0.05405405405405406,0.14787229648130892,7710,2,348,10
0.262,0.8333333333333334,0.027932960893854747,0.05405405405405406,0.14787229648130892,7710,2,348,10
0.263,0.8333333333333334,0.027932960893854747,0.05405405405405406,0.14787229648130892,7710,2,348,10
0.264,0.8333333333333334,0.027932960893854747,0.05405405405405406,0.14787229648130892,7710,2,348,10
0.265,0.8333333333333334,0.027932960893854747,0.05405405405405406,0.14787229648130892,7710,2,348,10
0.266,0.8333333333333334,0.027932960893854747,0.05405405405405406,0.14787229648130892,7710,2,348,10
0.267,0.8333333333333334,0.027932960893854747,0.05405405405405406,0.14787229648130892,7710,2,348,10
0.268,0.8333333333333334,0.027932960893854747,0.05405405405405406,0.14787229648130892,7710,2,348,10
0.269,0.8333333333333334,0.027932960893854747,0.05405405405405406,0.14787229648130892,7710,2,348,10
0.27,0.8333333333333334,0.027932960893854747,0.05405405405405406,0.14787229648130892,7710,2,348,10
0.271,0.8333333333333334,0.027932960893854747,0.05405405405405406,0.14787229648130892,7710,2,348,10
0.272,0.8333333333333334,0.027932960893854747,0.05405405405405406,0.14787229648130892,7710,2,348,10
0.273,0.8333333333333334,0.027932960893854747,0.05405405405405406,0.14787229648130892,7710,2,348,10
0.274,0.8333333333333334,0.027932960893854747,0.05405405405405406,0.14787229648130892,7710,2,348,10
0.275,0.8333333333333334,0.027932960893854747,0.05405405405405406,0.14787229648130892,7710,2,348,10
0.276,0.8333333333333334,0.027932960893854747,0.05405405405405406,0.14787229648130892,7710,2,348,10
0.277,0.8333333333333334,0.027932960893854747,0.05405405405405406,0.14787229648130892,7710,2,348,10
0.278,0.8333333333333334,0.027932960893854747,0.05405405405405406,0.14787229648130892,7710,2,348,10
0.279,0.8333333333333334,0.027932960893854747,0.05405405405405406,0.14787229648130892,7710,2,348,10
0.28,0.8333333333333334,0.027932960893854747,0.05405405405405406,0.14787229648130892,7710,2,348,10
0.281,0.8333333333333334,0.027932960893854747,0.05405405405405406,0.14787229648130892,7710,2,348,10
0.28200000000000003,0.8333333333333334,0.027932960893854747,0.05405405405405406,0.14787229648130892,7710,2,348,10
0.28300000000000003,0.8333333333333334,0.027932960893854747,0.05405405405405406,0.14787229648130892,7710,2,348,10
0.28400000000000003,0.8333333333333334,0.027932960893854747,0.05405405405405406,0.14787229648130892,7710,2,348,10
0.28500000000000003,0.8333333333333334,0.027932960893854747,0.05405405405405406,0.14787229648130892,7710,2,348,10
0.28600000000000003,0.8333333333333334,0.027932960893854747,0.05405405405405406,0.14787229648130892,7710,2,348,10
0.28700000000000003,0.8333333333333334,0.027932960893854747,0.05405405405405406,0.14787229648130892,7710,2,348,10
0.28800000000000003,0.8333333333333334,0.027932960893854747,0.05405405405405406,0.14787229648130892,7710,2,348,10
0.28900000000000003,0.8333333333333334,0.027932960893854747,0.05405405405405406,0.14787229648130892,7710,2,348,10
0.29,0.8333333333333334,0.027932960893854747,0.05405405405405406,0.14787229648130892,7710,2,348,10
0.291,0.8333333333333334,0.027932960893854747,0.05405405405405406,0.14787229648130892,7710,2,348,10
0.292,0.8333333333333334,0.027932960893854747,0.05405405405405406,0.14787229648130892,7710,2,348,10
0.293,0.8333333333333334,0.027932960893854747,0.05405405405405406,0.14787229648130892,7710,2,348,10
0.294,0.8333333333333334,0.027932960893854747,0.05405405405405406,0.14787229648130892,7710,2,348,10
0.295,0.8333333333333334,0.027932960893854747,0.05405405405405406,0.14787229648130892,7710,2,348,10
0.296,0.8333333333333334,0.027932960893854747,0.05405405405405406,0.14787229648130892,7710,2,348,10
0.297,0.8333333333333334,0.027932960893854747,0.05405405405405406,0.14787229648130892,7710,2,348,10
0.298,0.8333333333333334,0.027932960893854747,0.05405405405405406,0.14787229648130892,7710,2,348,10
0.299,0.8333333333333334,0.027932960893854747,0.05405405405405406,0.14787229648130892,7710,2,348,10
0.3,0.8333333333333334,0.027932960893854747,0.05405405405405406,0.14787229648130892,7710,2,348,10
0.301,0.8333333333333334,0.027932960893854747,0.05405405405405406,0.14787229648130892,7710,2,348,10
0.302,0.8333333333333334,0.027932960893854747,0.05405405405405406,0.14787229648130892,7710,2,348,10
0.303,0.8333333333333334,0.027932960893854747,0.05405405405405406,0.14787229648130892,7710,2,348,10
0.304,0.8333333333333334,0.027932960893854747,0.05405405405405406,0.14787229648130892,7710,2,348,10
0.305,0.8333333333333334,0.027932960893854747,0.05405405405405406,0.14787229648130892,7710,2,348,10
0.306,0.8333333333333334,0.027932960893854747,0.05405405405405406,0.14787229648130892,7710,2,348,10
0.307,0.8333333333333334,0.027932960893854747,0.05405405405405406,0.14787229648130892,7710,2,348,10
0.308,0.8333333333333334,0.027932960893854747,0.05405405405405406,0.14787229648130892,7710,2,348,10
0.309,0.8333333333333334,0.027932960893854747,0.05405405405405406,0.14787229648130892,7710,2,348,10
0.31,0.8333333333333334,0.027932960893854747,0.05405405405405406,0.14787229648130892,7710,2,348,10
0.311,0.8333333333333334,0.027932960893854747,0.05405405405405406,0.14787229648130892,7710,2,348,10
0.312,0.8333333333333334,0.027932960893854747,0.05405405405405406,0.14787229648130892,7710,2,348,10
0.313,0.8333333333333334,0.027932960893854747,0.05405405405405406,0.14787229648130892,7710,2,348,10
0.314,0.8333333333333334,0.027932960893854747,0.05405405405405406,0.14787229648130892,7710,2,348,10
0.315,0.8333333333333334,0.027932960893854747,0.05405405405405406,0.14787229648130892,7710,2,348,10
0.316,0.8333333333333334,0.027932960893854747,0.05405405405405406,0.14787229648130892,7710,2,348,10
0.317,0.8333333333333334,0.027932960893854747,0.05405405405405406,0.14787229648130892,7710,2,348,10
0.318,0.8333333333333334,0.027932960893854747,0.05405405405405406,0.14787229648130892,7710,2,348,10
0.319,0.8333333333333334,0.027932960893854747,0.05405405405405406,0.14787229648130892,7710,2,348,10
0.32,0.8333333333333334,0.027932960893854747,0.05405405405405406,0.14787229648130892,7710,2,348,10
0.321,0.8333333333333334,0.027932960893854747,0.05405405405405406,0.14787229648130892,7710,2,348,10
0.322,0.8333333333333334,0.027932960893854747,0.05405405405405406,0.14787229648130892,7710,2,348,10
0.323,0.8333333333333334,0.027932960893854747,0.05405405405405406,0.14787229648130892,7710,2,348,10
0.324,0.8333333333333334,0.027932960893854747,0.05405405405405406,0.14787229648130892,7710,2,348,10
0.325,0.8333333333333334,0.027932960893854747,0.05405405405405406,0.14787229648130892,7710,2,348,10
0.326,0.8333333333333334,0.027932960893854747,0.05405405405405406,0.14787229648130892,7710,2,348,10
0.327,0.8333333333333334,0.027932960893854747,0.05405405405405406,0.14787229648130892,7710,2,348,10
0.328,0.8333333333333334,0.027932960893854747,0.05405405405405406,0.14787229648130892,7710,2,348,10
0.329,0.8333333333333334,0.027932960893854747,0.05405405405405406,0.14787229648130892,7710,2,348,10
0.33,0.8333333333333334,0.027932960893854747,0.05405405405405406,0.14787229648130892,7710,2,348,10
0.331,0.8333333333333334,0.027932960893854747,0.05405405405405406,0.14787229648130892,7710,2,348,10
0.332,0.8333333333333334,0.027932960893854747,0.05405405405405406,0.14787229648130892,7710,2,348,10
0.333,0.8333333333333334,0.027932960893854747,0.05405405405405406,0.14787229648130892,7710,2,348,10
0.334,0.8333333333333334,0.027932960893854747,0.05405405405405406,0.14787229648130892,7710,2,348,10
0.335,0.8333333333333334,0.027932960893854747,0.05405405405405406,0.14787229648130892,7710,2,348,10
0.336,0.8333333333333334,0.027932960893854747,0.05405405405405406,0.14787229648130892,7710,2,348,10
0.337,0.8333333333333334,0.027932960893854747,0.05405405405405406,0.14787229648130892,7710,2,348,10
0.338,0.8333333333333334,0.027932960893854747,0.05405405405405406,0.14787229648130892,7710,2,348,10
0.339,0.8333333333333334,0.027932960893854747,0.05405405405405406,0.14787229648130892,7710,2,348,10
0.34,0.8333333333333334,0.027932960893854747,0.05405405405405406,0.14787229648130892,7710,2,348,10
0.341,0.8333333333333334,0.027932960893854747,0.05405405405405406,0.14787229648130892,7710,2,348,10
0.342,0.8333333333333334,0.027932960893854747,0.05405405405405406,0.14787229648130892,7710,2,348,10
0.343,0.8333333333333334,0.027932960893854747,0.05405405405405406,0.14787229648130892,7710,2,348,10
0.34400000000000003,0.8333333333333334,0.027932960893854747,0.05405405405405406,0.14787229648130892,7710,2,348,10
0.34500000000000003,0.8333333333333334,0.027932960893854747,0.05405405405405406,0.14787229648130892,7710,2,348,10
0.34600000000000003,0.8333333333333334,0.027932960893854747,0.05405405405405406,0.14787229648130892,7710,2,348,10
0.34700000000000003,0.8333333333333334,0.027932960893854747,0.05405405405405406,0.14787229648130892,7710,2,348,10
0.34800000000000003,0.8333333333333334,0.027932960893854747,0.05405405405405406,0.14787229648130892,7710,2,348,10
0.34900000000000003,0.8333333333333334,0.027932960893854747,0.05405405405405406,0.14787229648130892,7710,2,348,10
0.35000000000000003,0.8333333333333334,0.027932960893854747,0.05405405405405406,0.14787229648130892,7710,2,348,10
0.35100000000000003,0.8333333333333334,0.027932960893854747,0.05405405405405406,0.14787229648130892,7710,2,348,10
0.35200000000000004,0.8333333333333334,0.027932960893854747,0.05405405405405406,0.14787229648130892,7710,2,348,10
0.353,0.8333333333333334,0.027932960893854747,0.05405405405405406,0.14787229648130892,7710,2,348,10
0.354,0.8333333333333334,0.027932960893854747,0.05405405405405406,0.14787229648130892,7710,2,348,10
0.355,0.8333333333333334,0.027932960893854747,0.05405405405405406,0.14787229648130892,7710,2,348,10
0.356,0.8333333333333334,0.027932960893854747,0.05405405405405406,0.14787229648130892,7710,2,348,10
0.357,0.8333333333333334,0.027932960893854747,0.05405405405405406,0.14787229648130892,7710,2,348,10
0.358,0.8333333333333334,0.027932960893854747,0.05405405405405406,0.14787229648130892,7710,2,348,10
0.359,0.8333333333333334,0.027932960893854747,0.05405405405405406,0.14787229648130892,7710,2,348,10
0.36,0.8333333333333334,0.027932960893854747,0.05405405405405406,0.14787229648130892,7710,2,348,10
0.361,0.8333333333333334,0.027932960893854747,0.05405405405405406,0.14787229648130892,7710,2,348,10
0.362,0.8333333333333334,0.027932960893854747,0.05405405405405406,0.14787229648130892,7710,2,348,10
0.363,0.8333333333333334,0.027932960893854747,0.05405405405405406,0.14787229648130892,7710,2,348,10
0.364,0.8333333333333334,0.027932960893854747,0.05405405405405406,0.14787229648130892,7710,2,348,10
0.365,0.8333333333333334,0.027932960893854747,0.05405405405405406,0.14787229648130892,7710,2,348,10
0.366,0.8333333333333334,0.027932960893854747,0.05405405405405406,0.14787229648130892,7710,2,348,10
0.367,0.8333333333333334,0.027932960893854747,0.05405405405405406,0.14787229648130892,7710,2,348,10
0.368,0.9090909090909091,0.027932960893854747,0.05420054200542006,0.15516163144191839,7711,1,348,10
0.369,0.9090909090909091,0.027932960893854747,0.05420054200542006,0.15516163144191839,7711,1,348,10
0.37,0.9090909090909091,0.027932960893854747,0.05420054200542006,0.15516163144191839,7711,1,348,10
0.371,0.9090909090909091,0.027932960893854747,0.05420054200542006,0.15516163144191839,7711,1,348,10
0.372,0.9090909090909091,0.027932960893854747,0.05420054200542006,0.15516163144191839,7711,1,348,10
0.373,0.9090909090909091,0.027932960893854747,0.05420054200542006,0.15516163144191839,7711,1,348,10
0.374,0.9090909090909091,0.027932960893854747,0.05420054200542006,0.15516163144191839,7711,1,348,10
0.375,0.9090909090909091,0.027932960893854747,0.05420054200542006,0.15516163144191839,7711,1,348,10
0.376,0.9090909090909091,0.027932960893854747,0.05420054200542006,0.15516163144191839,7711,1,348,10
0.377,0.9090909090909091,0.027932960893854747,0.05420054200542006,0.15516163144191839,7711,1,348,10
0.378,0.9090909090909091,0.027932960893854747,0.05420054200542006,0.15516163144191839,7711,1,348,10
0.379,0.9090909090909091,0.027932960893854747,0.05420054200542006,0.15516163144191839,7711,1,348,10
0.38,0.9090909090909091,0.027932960893854747,0.05420054200542006,0.15516163144191839,7711,1,348,10
0.381,0.9090909090909091,0.027932960893854747,0.05420054200542006,0.15516163144191839,7711,1,348,10
0.382,0.9090909090909091,0.027932960893854747,0.05420054200542006,0.15516163144191839,7711,1,348,10
0.383,0.9090909090909091,0.027932960893854747,0.05420054200542006,0.15516163144191839,7711,1,348,10
0.384,0.9090909090909091,0.027932960893854747,0.05420054200542006,0.15516163144191839,7711,1,348,10
0.385,0.9090909090909091,0.027932960893854747,0.05420054200542006,0.15516163144191839,7711,1,348,10
0.386,0.9090909090909091,0.027932960893854747,0.05420054200542006,0.15516163144191839,7711,1,348,10
0.387,0.9090909090909091,0.027932960893854747,0.05420054200542006,0.15516163144191839,7711,1,348,10
0.388,0.9090909090909091,0.027932960893854747,0.05420054200542006,0.15516163144191839,7711,1,348,10
0.389,0.9090909090909091,0.027932960893854747,0.05420054200542006,0.15516163144191839,7711,1,348,10
0.39,0.9090909090909091,0.027932960893854747,0.05420054200542006,0.15516163144191839,7711,1,348,10
0.391,0.9090909090909091,0.027932960893854747,0.05420054200542006,0.15516163144191839,7711,1,348,10
0.392,0.9090909090909091,0.027932960893854747,0.05420054200542006,0.15516163144191839,7711,1,348,10
0.393,0.9090909090909091,0.027932960893854747,0.05420054200542006,0.15516163144191839,7711,1,348,10
0.394,0.9090909090909091,0.027932960893854747,0.05420054200542006,0.15516163144191839,7711,1,348,10
0.395,0.9090909090909091,0.027932960893854747,0.05420054200542006,0.15516163144191839,7711,1,348,10
0.396,0.9090909090909091,0.027932960893854747,0.05420054200542006,0.15516163144191839,7711,1,348,10
0.397,0.9090909090909091,0.027932960893854747,0.05420054200542006,0.15516163144191839,7711,1,348,10
0.398,0.9090909090909091,0.027932960893854747,0.05420054200542006,0.15516163144191839,7711,1,348,10
0.399,0.9090909090909091,0.027932960893854747,0.05420054200542006,0.15516163144191839,7711,1,348,10
0.4,0.9090909090909091,0.027932960893854747,0.05420054200542006,0.15516163144191839,7711,1,348,10
0.401,0.9090909090909091,0.027932960893854747,0.05420054200542006,0.15516163144191839,7711,1,348,10
0.402,0.9090909090909091,0.027932960893854747,0.05420054200542006,0.15516163144191839,7711,1,348,10
0.403,0.9090909090909091,0.027932960893854747,0.05420054200542006,0.15516163144191839,7711,1,348,10
0.404,0.9090909090909091,0.027932960893854747,0.05420054200542006,0.15516163144191839,7711,1,348,10
0.405,0.9090909090909091,0.027932960893854747,0.05420054200542006,0.15516163144191839,7711,1,348,10
0.406,0.9090909090909091,0.027932960893854747,0.05420054200542006,0.15516163144191839,7711,1,348,10
0.40700000000000003,0.9090909090909091,0.027932960893854747,0.05420054200542006,0.15516163144191839,7711,1,348,10
0.40800000000000003,0.9090909090909091,0.027932960893854747,0.05420054200542006,0.15516163144191839,7711,1,348,10
0.40900000000000003,0.9090909090909091,0.027932960893854747,0.05420054200542006,0.15516163144191839,7711,1,348,10
0.41000000000000003,0.9090909090909091,0.027932960893854747,0.05420054200542006,0.15516163144191839,7711,1,348,10
0.41100000000000003,0.9090909090909091,0.027932960893854747,0.05420054200542006,0.15516163144191839,7711,1,348,10
0.41200000000000003,0.9090909090909091,0.027932960893854747,0.05420054200542006,0.15516163144191839,7711,1,348,10
0.41300000000000003,0.9090909090909091,0.027932960893854747,0.05420054200542006,0.15516163144191839,7711,1,348,10
0.41400000000000003,0.9090909090909091,0.027932960893854747,0.05420054200542006,0.15516163144191839,7711,1,348,10
0.41500000000000004,0.9090909090909091,0.027932960893854747,0.05420054200542006,0.15516163144191839,7711,1,348,10
0.41600000000000004,0.9090909090909091,0.027932960893854747,0.05420054200542006,0.15516163144191839,7711,1,348,10
0.41700000000000004,0.9090909090909091,0.027932960893854747,0.05420054200542006,0.15516163144191839,7711,1,348,10
0.418,0.9090909090909091,0.027932960893854747,0.05420054200542006,0.15516163144191839,7711,1,348,10
0.419,0.9090909090909091,0.027932960893854747,0.05420054200542006,0.15516163144191839,7711,1,348,10
0.42,0.9090909090909091,0.027932960893854747,0.05420054200542006,0.15516163144191839,7711,1,348,10
0.421,0.9090909090909091,0.027932960893854747,0.05420054200542006,0.15516163144191839,7711,1,348,10
0.422,0.9090909090909091,0.027932960893854747,0.05420054200542006,0.15516163144191839,7711,1,348,10
0.423,0.9090909090909091,0.027932960893854747,0.05420054200542006,0.15516163144191839,7711,1,348,10
0.424,0.9090909090909091,0.027932960893854747,0.05420054200542006,0.15516163144191839,7711,1,348,10
0.425,0.9090909090909091,0.027932960893854747,0.05420054200542006,0.15516163144191839,7711,1,348,10
0.426,0.9090909090909091,0.027932960893854747,0.05420054200542006,0.15516163144191839,7711,1,348,10
0.427,0.9090909090909091,0.027932960893854747,0.05420054200542006,0.15516163144191839,7711,1,348,10
0.428,0.9090909090909091,0.027932960893854747,0.05420054200542006,0.15516163144191839,7711,1,348,10
0.429,0.9090909090909091,0.027932960893854747,0.05420054200542006,0.15516163144191839,7711,1,348,10
0.43,0.9090909090909091,0.027932960893854747,0.05420054200542006,0.15516163144191839,7711,1,348,10
0.431,0.9090909090909091,0.027932960893854747,0.05420054200542006,0.15516163144191839,7711,1,348,10
0.432,0.9090909090909091,0.027932960893854747,0.05420054200542006,0.15516163144191839,7711,1,348,10
0.433,0.9090909090909091,0.027932960893854747,0.05420054200542006,0.15516163144191839,7711,1,348,10
0.434,0.9090909090909091,0.027932960893854747,0.05420054200542006,0.15516163144191839,7711,1,348,10
0.435,0.9090909090909091,0.027932960893854747,0.05420054200542006,0.15516163144191839,7711,1,348,10
0.436,0.9090909090909091,0.027932960893854747,0.05420054200542006,0.15516163144191839,7711,1,348,10
0.437,0.9090909090909091,0.027932960893854747,0.05420054200542006,0.15516163144191839,7711,1,348,10
0.438,0.9090909090909091,0.027932960893854747,0.05420054200542006,0.15516163144191839,7711,1,348,10
0.439,0.9090909090909091,0.027932960893854747,0.05420054200542006,0.15516163144191839,7711,1,348,10
0.44,0.9090909090909091,0.027932960893854747,0.05420054200542006,0.15516163144191839,7711,1,348,10
0.441,0.9090909090909091,0.027932960893854747,0.05420054200542006,0.15516163144191839,7711,1,348,10
0.442,0.9090909090909091,0.027932960893854747,0.05420054200542006,0.15516163144191839,7711,1,348,10
0.443,0.9090909090909091,0.027932960893854747,0.05420054200542006,0.15516163144191839,7711,1,348,10
0.444,0.9090909090909091,0.027932960893854747,0.05420054200542006,0.15516163144191839,7711,1,348,10
0.445,0.9090909090909091,0.027932960893854747,0.05420054200542006,0.15516163144191839,7711,1,348,10
0.446,0.9090909090909091,0.027932960893854747,0.05420054200542006,0.15516163144191839,7711,1,348,10
0.447,0.9090909090909091,0.027932960893854747,0.05420054200542006,0.15516163144191839,7711,1,348,10
0.448,0.9090909090909091,0.027932960893854747,0.05420054200542006,0.15516163144191839,7711,1,348,10
0.449,0.9090909090909091,0.027932960893854747,0.05420054200542006,0.15516163144191839,7711,1,348,10
0.45,0.9090909090909091,0.027932960893854747,0.05420054200542006,0.15516163144191839,7711,1,348,10
0.451,0.9090909090909091,0.027932960893854747,0.05420054200542006,0.15516163144191839,7711,1,348,10
0.452,0.9090909090909091,0.027932960893854747,0.05420054200542006,0.15516163144191839,7711,1,348,10
0.453,0.9090909090909091,0.027932960893854747,0.05420054200542006,0.15516163144191839,7711,1,348,10
0.454,0.9090909090909091,0.027932960893854747,0.05420054200542006,0.15516163144191839,7711,1,348,10
0.455,0.9090909090909091,0.027932960893854747,0.05420054200542006,0.15516163144191839,7711,1,348,10
0.456,0.9090909090909091,0.027932960893854747,0.05420054200542006,0.15516163144191839,7711,1,348,10
0.457,0.9090909090909091,0.027932960893854747,0.05420054200542006,0.15516163144191839,7711,1,348,10
0.458,0.9090909090909091,0.027932960893854747,0.05420054200542006,0.15516163144191839,7711,1,348,10
0.459,0.9090909090909091,0.027932960893854747,0.05420054200542006,0.15516163144191839,7711,1,348,10
0.46,0.9090909090909091,0.027932960893854747,0.05420054200542006,0.15516163144191839,7711,1,348,10
0.461,0.9090909090909091,0.027932960893854747,0.05420054200542006,0.15516163144191839,7711,1,348,10
0.462,0.9090909090909091,0.027932960893854747,0.05420054200542006,0.15516163144191839,7711,1,348,10
0.463,0.9090909090909091,0.027932960893854747,0.05420054200542006,0.15516163144191839,7711,1,348,10
0.464,0.9090909090909091,0.027932960893854747,0.05420054200542006,0.15516163144191839,7711,1,348,10
0.465,0.9090909090909091,0.027932960893854747,0.05420054200542006,0.15516163144191839,7711,1,348,10
0.466,0.9090909090909091,0.027932960893854747,0.05420054200542006,0.15516163144191839,7711,1,348,10
0.467,0.9090909090909091,0.027932960893854747,0.05420054200542006,0.15516163144191839,7711,1,348,10
0.468,0.9090909090909091,0.027932960893854747,0.05420054200542006,0.15516163144191839,7711,1,348,10
0.46900000000000003,0.9090909090909091,0.027932960893854747,0.05420054200542006,0.15516163144191839,7711,1,348,10
0.47000000000000003,0.9090909090909091,0.027932960893854747,0.05420054200542006,0.15516163144191839,7711,1,348,10
0.47100000000000003,0.9090909090909091,0.027932960893854747,0.05420054200542006,0.15516163144191839,7711,1,348,10
0.47200000000000003,0.9090909090909091,0.027932960893854747,0.05420054200542006,0.15516163144191839,7711,1,348,10
0.47300000000000003,0.9090909090909091,0.027932960893854747,0.05420054200542006,0.15516163144191839,7711,1,348,10
0.47400000000000003,0.9090909090909091,0.027932960893854747,0.05420054200542006,0.15516163144191839,7711,1,348,10
0.47500000000000003,0.9090909090909091,0.027932960893854747,0.05420054200542006,0.15516163144191839,7711,1,348,10
0.47600000000000003,0.9090909090909091,0.027932960893854747,0.05420054200542006,0.15516163144191839,7711,1,348,10
0.47700000000000004,0.9090909090909091,0.027932960893854747,0.05420054200542006,0.15516163144191839,7711,1,348,10
0.47800000000000004,0.9090909090909091,0.027932960893854747,0.05420054200542006,0.15516163144191839,7711,1,348,10
0.47900000000000004,0.9090909090909091,0.027932960893854747,0.05420054200542006,0.15516163144191839,7711,1,348,10
0.48000000000000004,0.9090909090909091,0.027932960893854747,0.05420054200542006,0.15516163144191839,7711,1,348,10
0.481,0.9090909090909091,0.027932960893854747,0.05420054200542006,0.15516163144191839,7711,1,348,10
0.482,0.9090909090909091,0.027932960893854747,0.05420054200542006,0.15516163144191839,7711,1,348,10
0.483,0.9090909090909091,0.027932960893854747,0.05420054200542006,0.15516163144191839,7711,1,348,10
0.484,0.9090909090909091,0.027932960893854747,0.05420054200542006,0.15516163144191839,7711,1,348,10
0.485,0.9090909090909091,0.027932960893854747,0.05420054200542006,0.15516163144191839,7711,1,348,10
0.486,0.9090909090909091,0.027932960893854747,0.05420054200542006,0.15516163144191839,7711,1,348,10
0.487,0.9090909090909091,0.027932960893854747,0.05420054200542006,0.15516163144191839,7711,1,348,10
0.488,0.9090909090909091,0.027932960893854747,0.05420054200542006,0.15516163144191839,7711,1,348,10
0.489,0.9090909090909091,0.027932960893854747,0.05420054200542006,0.15516163144191839,7711,1,348,10
0.49,0.9090909090909091,0.027932960893854747,0.05420054200542006,0.15516163144191839,7711,1,348,10
0.491,0.9090909090909091,0.027932960893854747,0.05420054200542006,0.15516163144191839,7711,1,348,10
0.492,0.9090909090909091,0.027932960893854747,0.05420054200542006,0.15516163144191839,7711,1,348,10
0.493,0.9090909090909091,0.027932960893854747,0.05420054200542006,0.15516163144191839,7711,1,348,10
0.494,0.9090909090909091,0.027932960893854747,0.05420054200542006,0.15516163144191839,7711,1,348,10
0.495,0.9090909090909091,0.027932960893854747,0.05420054200542006,0.15516163144191839,7711,1,348,10
0.496,0.9090909090909091,0.027932960893854747,0.05420054200542006,0.15516163144191839,7711,1,348,10
0.497,0.9090909090909091,0.027932960893854747,0.05420054200542006,0.15516163144191839,7711,1,348,10
0.498,0.9090909090909091,0.027932960893854747,0.05420054200542006,0.15516163144191839,7711,1,348,10
0.499,0.9090909090909091,0.027932960893854747,0.05420054200542006,0.15516163144191839,7711,1,348,10
0.5,0.9090909090909091,0.027932960893854747,0.05420054200542006,0.15516163144191839,7711,1,348,10
0.501,0.9090909090909091,0.027932960893854747,0.05420054200542006,0.15516163144191839,7711,1,348,10
0.502,0.9090909090909091,0.027932960893854747,0.05420054200542006,0.15516163144191839,7711,1,348,10
0.503,0.9090909090909091,0.027932960893854747,0.05420054200542006,0.15516163144191839,7711,1,348,10
0.504,0.9090909090909091,0.027932960893854747,0.05420054200542006,0.15516163144191839,7711,1,348,10
0.505,0.9090909090909091,0.027932960893854747,0.05420054200542006,0.15516163144191839,7711,1,348,10
0.506,0.9090909090909091,0.027932960893854747,0.05420054200542006,0.15516163144191839,7711,1,348,10
0.507,0.9090909090909091,0.027932960893854747,0.05420054200542006,0.15516163144191839,7711,1,348,10
0.508,0.9090909090909091,0.027932960893854747,0.05420054200542006,0.15516163144191839,7711,1,348,10
0.509,0.9090909090909091,0.027932960893854747,0.05420054200542006,0.15516163144191839,7711,1,348,10
0.51,0.9090909090909091,0.027932960893854747,0.05420054200542006,0.15516163144191839,7711,1,348,10
0.511,0.9090909090909091,0.027932960893854747,0.05420054200542006,0.15516163144191839,7711,1,348,10
0.512,0.9090909090909091,0.027932960893854747,0.05420054200542006,0.15516163144191839,7711,1,348,10
0.513,0.9090909090909091,0.027932960893854747,0.05420054200542006,0.15516163144191839,7711,1,348,10
0.514,0.9090909090909091,0.027932960893854747,0.05420054200542006,0.15516163144191839,7711,1,348,10
0.515,0.9090909090909091,0.027932960893854747,0.05420054200542006,0.15516163144191839,7711,1,348,10
0.516,0.9090909090909091,0.027932960893854747,0.05420054200542006,0.15516163144191839,7711,1,348,10
0.517,0.9090909090909091,0.027932960893854747,0.05420054200542006,0.15516163144191839,7711,1,348,10
0.518,0.9090909090909091,0.027932960893854747,0.05420054200542006,0.15516163144191839,7711,1,348,10
0.519,0.9090909090909091,0.027932960893854747,0.05420054200542006,0.15516163144191839,7711,1,348,10
0.52,0.9090909090909091,0.027932960893854747,0.05420054200542006,0.15516163144191839,7711,1,348,10
0.521,0.9090909090909091,0.027932960893854747,0.05420054200542006,0.15516163144191839,7711,1,348,10
0.522,0.9090909090909091,0.027932960893854747,0.05420054200542006,0.15516163144191839,7711,1,348,10
0.523,0.9090909090909091,0.027932960893854747,0.05420054200542006,0.15516163144191839,7711,1,348,10
0.524,0.9090909090909091,0.027932960893854747,0.05420054200542006,0.15516163144191839,7711,1,348,10
0.525,0.9090909090909091,0.027932960893854747,0.05420054200542006,0.15516163144191839,7711,1,348,10
0.526,0.9090909090909091,0.027932960893854747,0.05420054200542006,0.15516163144191839,7711,1,348,10
0.527,0.9090909090909091,0.027932960893854747,0.05420054200542006,0.15516163144191839,7711,1,348,10
0.528,0.9090909090909091,0.027932960893854747,0.05420054200542006,0.15516163144191839,7711,1,348,10
0.529,0.9090909090909091,0.027932960893854747,0.05420054200542006,0.15516163144191839,7711,1,348,10
0.53,0.9090909090909091,0.027932960893854747,0.05420054200542006,0.15516163144191839,7711,1,348,10
0.531,0.9090909090909091,0.027932960893854747,0.05420054200542006,0.15516163144191839,7711,1,348,10
0.532,0.9090909090909091,0.027932960893854747,0.05420054200542006,0.15516163144191839,7711,1,348,10
0.533,0.9090909090909091,0.027932960893854747,0.05420054200542006,0.15516163144191839,7711,1,348,10
0.534,0.9090909090909091,0.027932960893854747,0.05420054200542006,0.15516163144191839,7711,1,348,10
0.535,0.9090909090909091,0.027932960893854747,0.05420054200542006,0.15516163144191839,7711,1,348,10
0.536,0.9090909090909091,0.027932960893854747,0.05420054200542006,0.15516163144191839,7711,1,348,10
0.537,0.9090909090909091,0.027932960893854747,0.05420054200542006,0.15516163144191839,7711,1,348,10
0.538,0.9090909090909091,0.027932960893854747,0.05420054200542006,0.15516163144191839,7711,1,348,10
0.539,0.9090909090909091,0.027932960893854747,0.05420054200542006,0.15516163144191839,7711,1,348,10
0.54,0.9090909090909091,0.027932960893854747,0.05420054200542006,0.15516163144191839,7711,1,348,10
0.541,0.9090909090909091,0.027932960893854747,0.05420054200542006,0.15516163144191839,7711,1,348,10
0.542,0.9090909090909091,0.027932960893854747,0.05420054200542006,0.15516163144191839,7711,1,348,10
0.543,0.9090909090909091,0.027932960893854747,0.05420054200542006,0.15516163144191839,7711,1,348,10
0.544,0.9090909090909091,0.027932960893854747,0.05420054200542006,0.15516163144191839,7711,1,348,10
0.545,0.9090909090909091,0.027932960893854747,0.05420054200542006,0.15516163144191839,7711,1,348,10
0.546,0.9090909090909091,0.027932960893854747,0.05420054200542006,0.15516163144191839,7711,1,348,10
0.547,0.9090909090909091,0.027932960893854747,0.05420054200542006,0.15516163144191839,7711,1,348,10
0.548,0.9090909090909091,0.027932960893854747,0.05420054200542006,0.15516163144191839,7711,1,348,10
0.549,0.9090909090909091,0.027932960893854747,0.05420054200542006,0.15516163144191839,7711,1,348,10
0.55,0.9090909090909091,0.027932960893854747,0.05420054200542006,0.15516163144191839,7711,1,348,10
0.551,0.9090909090909091,0.027932960893854747,0.05420054200542006,0.15516163144191839,7711,1,348,10
0.552,0.9090909090909091,0.027932960893854747,0.05420054200542006,0.15516163144191839,7711,1,348,10
0.553,0.9090909090909091,0.027932960893854747,0.05420054200542006,0.15516163144191839,7711,1,348,10
0.554,0.9090909090909091,0.027932960893854747,0.05420054200542006,0.15516163144191839,7711,1,348,10
0.555,0.9090909090909091,0.027932960893854747,0.05420054200542006,0.15516163144191839,7711,1,348,10
0.556,0.9090909090909091,0.027932960893854747,0.05420054200542006,0.15516163144191839,7711,1,348,10
0.557,0.9090909090909091,0.027932960893854747,0.05420054200542006,0.15516163144191839,7711,1,348,10
0.558,0.9090909090909091,0.027932960893854747,0.05420054200542006,0.15516163144191839,7711,1,348,10
0.559,0.9090909090909091,0.027932960893854747,0.05420054200542006,0.15516163144191839,7711,1,348,10
0.56,0.9090909090909091,0.027932960893854747,0.05420054200542006,0.15516163144191839,7711,1,348,10
0.561,0.9090909090909091,0.027932960893854747,0.05420054200542006,0.15516163144191839,7711,1,348,10
0.562,0.9090909090909091,0.027932960893854747,0.05420054200542006,0.15516163144191839,7711,1,348,10
0.5630000000000001,0.9090909090909091,0.027932960893854747,0.05420054200542006,0.15516163144191839,7711,1,348,10
0.5640000000000001,0.9090909090909091,0.027932960893854747,0.05420054200542006,0.15516163144191839,7711,1,348,10
0.5650000000000001,0.9090909090909091,0.027932960893854747,0.05420054200542006,0.15516163144191839,7711,1,348,10
0.5660000000000001,0.9090909090909091,0.027932960893854747,0.05420054200542006,0.15516163144191839,7711,1,348,10
0.5670000000000001,0.9090909090909091,0.027932960893854747,0.05420054200542006,0.15516163144191839,7711,1,348,10
0.5680000000000001,0.9090909090909091,0.027932960893854747,0.05420054200542006,0.15516163144191839,7711,1,348,10
0.5690000000000001,0.9090909090909091,0.027932960893854747,0.05420054200542006,0.15516163144191839,7711,1,348,10
0.5700000000000001,0.9090909090909091,0.027932960893854747,0.05420054200542006,0.15516163144191839,7711,1,348,10
0.5710000000000001,0.9090909090909091,0.027932960893854747,0.05420054200542006,0.15516163144191839,7711,1,348,10
0.5720000000000001,0.9090909090909091,0.027932960893854747,0.05420054200542006,0.15516163144191839,7711,1,348,10
0.5730000000000001,0.9090909090909091,0.027932960893854747,0.05420054200542006,0.15516163144191839,7711,1,348,10
0.5740000000000001,0.9090909090909091,0.027932960893854747,0.05420054200542006,0.15516163144191839,7711,1,348,10
0.5750000000000001,0.9090909090909091,0.027932960893854747,0.05420054200542006,0.15516163144191839,7711,1,348,10
0.5760000000000001,0.9090909090909091,0.027932960893854747,0.05420054200542006,0.15516163144191839,7711,1,348,10
0.5770000000000001,0.9090909090909091,0.027932960893854747,0.05420054200542006,0.15516163144191839,7711,1,348,10
0.578,0.9090909090909091,0.027932960893854747,0.05420054200542006,0.15516163144191839,7711,1,348,10
0.579,0.9090909090909091,0.027932960893854747,0.05420054200542006,0.15516163144191839,7711,1,348,10
0.58,0.9090909090909091,0.027932960893854747,0.05420054200542006,0.15516163144191839,7711,1,348,10
0.581,0.9090909090909091,0.027932960893854747,0.05420054200542006,0.15516163144191839,7711,1,348,10
0.582,0.9090909090909091,0.027932960893854747,0.05420054200542006,0.15516163144191839,7711,1,348,10
0.583,0.9090909090909091,0.027932960893854747,0.05420054200542006,0.15516163144191839,7711,1,348,10
0.584,0.9090909090909091,0.027932960893854747,0.05420054200542006,0.15516163144191839,7711,1,348,10
0.585,0.9090909090909091,0.027932960893854747,0.05420054200542006,0.15516163144191839,7711,1,348,10
0.586,0.9090909090909091,0.027932960893854747,0.05420054200542006,0.15516163144191839,7711,1,348,10
0.587,0.9090909090909091,0.027932960893854747,0.05420054200542006,0.15516163144191839,7711,1,348,10
0.588,0.9090909090909091,0.027932960893854747,0.05420054200542006,0.15516163144191839,7711,1,348,10
0.589,0.9090909090909091,0.027932960893854747,0.05420054200542006,0.15516163144191839,7711,1,348,10
0.59,0.9090909090909091,0.027932960893854747,0.05420054200542006,0.15516163144191839,7711,1,348,10
0.591,0.9090909090909091,0.027932960893854747,0.05420054200542006,0.15516163144191839,7711,1,348,10
0.592,0.9090909090909091,0.027932960893854747,0.05420054200542006,0.15516163144191839,7711,1,348,10
0.593,0.9090909090909091,0.027932960893854747,0.05420054200542006,0.15516163144191839,7711,1,348,10
0.594,0.9090909090909091,0.027932960893854747,0.05420054200542006,0.15516163144191839,7711,1,348,10
0.595,0.9090909090909091,0.027932960893854747,0.05420054200542006,0.15516163144191839,7711,1,348,10
0.596,0.9090909090909091,0.027932960893854747,0.05420054200542006,0.15516163144191839,7711,1,348,10
0.597,0.9090909090909091,0.027932960893854747,0.05420054200542006,0.15516163144191839,7711,1,348,10
0.598,0.9090909090909091,0.027932960893854747,0.05420054200542006,0.15516163144191839,7711,1,348,10
0.599,0.9090909090909091,0.027932960893854747,0.05420054200542006,0.15516163144191839,7711,1,348,10
0.6,0.9090909090909091,0.027932960893854747,0.05420054200542006,0.15516163144191839,7711,1,348,10
0.601,0.9090909090909091,0.027932960893854747,0.05420054200542006,0.15516163144191839,7711,1,348,10
0.602,0.9090909090909091,0.027932960893854747,0.05420054200542006,0.15516163144191839,7711,1,348,10
0.603,0.9090909090909091,0.027932960893854747,0.05420054200542006,0.15516163144191839,7711,1,348,10
0.604,0.9090909090909091,0.027932960893854747,0.05420054200542006,0.15516163144191839,7711,1,348,10
0.605,0.9090909090909091,0.027932960893854747,0.05420054200542006,0.15516163144191839,7711,1,348,10
0.606,0.9090909090909091,0.027932960893854747,0.05420054200542006,0.15516163144191839,7711,1,348,10
0.607,0.9090909090909091,0.027932960893854747,0.05420054200542006,0.15516163144191839,7711,1,348,10
0.608,0.9090909090909091,0.027932960893854747,0.05420054200542006,0.15516163144191839,7711,1,348,10
0.609,0.9090909090909091,0.027932960893854747,0.05420054200542006,0.15516163144191839,7711,1,348,10
0.61,0.9090909090909091,0.027932960893854747,0.05420054200542006,0.15516163144191839,7711,1,348,10
0.611,0.9090909090909091,0.027932960893854747,0.05420054200542006,0.15516163144191839,7711,1,348,10
0.612,0.9090909090909091,0.027932960893854747,0.05420054200542006,0.15516163144191839,7711,1,348,10
0.613,0.9090909090909091,0.027932960893854747,0.05420054200542006,0.15516163144191839,7711,1,348,10
0.614,0.9090909090909091,0.027932960893854747,0.05420054200542006,0.15516163144191839,7711,1,348,10
0.615,0.9090909090909091,0.027932960893854747,0.05420054200542006,0.15516163144191839,7711,1,348,10
0.616,0.9090909090909091,0.027932960893854747,0.05420054200542006,0.15516163144191839,7711,1,348,10
0.617,0.9090909090909091,0.027932960893854747,0.05420054200542006,0.15516163144191839,7711,1,348,10
0.618,0.9090909090909091,0.027932960893854747,0.05420054200542006,0.15516163144191839,7711,1,348,10
0.619,0.9090909090909091,0.027932960893854747,0.05420054200542006,0.15516163144191839,7711,1,348,10
0.62,0.9090909090909091,0.027932960893854747,0.05420054200542006,0.15516163144191839,7711,1,348,10
0.621,0.9090909090909091,0.027932960893854747,0.05420054200542006,0.15516163144191839,7711,1,348,10
0.622,0.9090909090909091,0.027932960893854747,0.05420054200542006,0.15516163144191839,7711,1,348,10
0.623,0.9090909090909091,0.027932960893854747,0.05420054200542006,0.15516163144191839,7711,1,348,10
0.624,0.9090909090909091,0.027932960893854747,0.05420054200542006,0.15516163144191839,7711,1,348,10
0.625,0.9090909090909091,0.027932960893854747,0.05420054200542006,0.15516163144191839,7711,1,348,10
0.626,0.9090909090909091,0.027932960893854747,0.05420054200542006,0.15516163144191839,7711,1,348,10
0.627,0.9090909090909091,0.027932960893854747,0.05420054200542006,0.15516163144191839,7711,1,348,10
0.628,0.9090909090909091,0.027932960893854747,0.05420054200542006,0.15516163144191839,7711,1,348,10
0.629,0.9090909090909091,0.027932960893854747,0.05420054200542006,0.15516163144191839,7711,1,348,10
0.63,0.9090909090909091,0.027932960893854747,0.05420054200542006,0.15516163144191839,7711,1,348,10
0.631,1.0,0.027932960893854747,0.05434782608695652,0.16348370678387952,7712,0,348,10
0.632,1.0,0.025139664804469275,0.04904632152588556,0.15508464179229536,7712,0,349,9
0.633,1.0,0.025139664804469275,0.04904632152588556,0.15508464179229536,7712,0,349,9
0.634,1.0,0.025139664804469275,0.04904632152588556,0.15508464179229536,7712,0,349,9
0.635,1.0,0.025139664804469275,0.04904632152588556,0.15508464179229536,7712,0,349,9
0.636,1.0,0.025139664804469275,0.04904632152588556,0.15508464179229536,7712,0,349,9
0.637,1.0,0.025139664804469275,0.04904632152588556,0.15508464179229536,7712,0,349,9
0.638,1.0,0.025139664804469275,0.04904632152588556,0.15508464179229536,7712,0,349,9
0.639,1.0,0.025139664804469275,0.04904632152588556,0.15508464179229536,7712,0,349,9
0.64,1.0,0.025139664804469275,0.04904632152588556,0.15508464179229536,7712,0,349,9
0.641,1.0,0.025139664804469275,0.04904632152588556,0.15508464179229536,7712,0,349,9
0.642,1.0,0.025139664804469275,0.04904632152588556,0.15508464179229536,7712,0,349,9
0.643,1.0,0.025139664804469275,0.04904632152588556,0.15508464179229536,7712,0,349,9
0.644,1.0,0.025139664804469275,0.04904632152588556,0.15508464179229536,7712,0,349,9
0.645,1.0,0.025139664804469275,0.04904632152588556,0.15508464179229536,7712,0,349,9
0.646,1.0,0.025139664804469275,0.04904632152588556,0.15508464179229536,7712,0,349,9
0.647,1.0,0.025139664804469275,0.04904632152588556,0.15508464179229536,7712,0,349,9
0.648,1.0,0.025139664804469275,0.04904632152588556,0.15508464179229536,7712,0,349,9
0.649,1.0,0.025139664804469275,0.04904632152588556,0.15508464179229536,7712,0,349,9
0.65,1.0,0.025139664804469275,0.04904632152588556,0.15508464179229536,7712,0,349,9
0.651,1.0,0.025139664804469275,0.04904632152588556,0.15508464179229536,7712,0,349,9
0.652,1.0,0.025139664804469275,0.04904632152588556,0.15508464179229536,7712,0,349,9
0.653,1.0,0.025139664804469275,0.04904632152588556,0.15508464179229536,7712,0,349,9
0.654,1.0,0.025139664804469275,0.04904632152588556,0.15508464179229536,7712,0,349,9
0.655,1.0,0.025139664804469275,0.04904632152588556,0.15508464179229536,7712,0,349,9
0.656,1.0,0.025139664804469275,0.04904632152588556,0.15508464179229536,7712,0,349,9
0.657,1.0,0.025139664804469275,0.04904632152588556,0.15508464179229536,7712,0,349,9
0.658,1.0,0.025139664804469275,0.04904632152588556,0.15508464179229536,7712,0,349,9
0.659,1.0,0.025139664804469275,0.04904632152588556,0.15508464179229536,7712,0,349,9
0.66,1.0,0.025139664804469275,0.04904632152588556,0.15508464179229536,7712,0,349,9
0.661,1.0,0.025139664804469275,0.04904632152588556,0.15508464179229536,7712,0,349,9
0.662,1.0,0.025139664804469275,0.04904632152588556,0.15508464179229536,7712,0,349,9
0.663,1.0,0.025139664804469275,0.04904632152588556,0.15508464179229536,7712,0,349,9
0.664,1.0,0.025139664804469275,0.04904632152588556,0.15508464179229536,7712,0,349,9
0.665,1.0,0.025139664804469275,0.04904632152588556,0.15508464179229536,7712,0,349,9
0.666,1.0,0.025139664804469275,0.04904632152588556,0.15508464179229536,7712,0,349,9
0.667,1.0,0.025139664804469275,0.04904632152588556,0.15508464179229536,7712,0,349,9
0.668,1.0,0.025139664804469275,0.04904632152588556,0.15508464179229536,7712,0,349,9
0.669,1.0,0.025139664804469275,0.04904632152588556,0.15508464179229536,7712,0,349,9
0.67,1.0,0.025139664804469275,0.04904632152588556,0.15508464179229536,7712,0,349,9
0.671,1.0,0.025139664804469275,0.04904632152588556,0.15508464179229536,7712,0,349,9
0.672,1.0,0.025139664804469275,0.04904632152588556,0.15508464179229536,7712,0,349,9
0.673,1.0,0.025139664804469275,0.04904632152588556,0.15508464179229536,7712,0,349,9
0.674,1.0,0.025139664804469275,0.04904632152588556,0.15508464179229536,7712,0,349,9
0.675,1.0,0.025139664804469275,0.04904632152588556,0.15508464179229536,7712,0,349,9
0.676,1.0,0.025139664804469275,0.04904632152588556,0.15508464179229536,7712,0,349,9
0.677,1.0,0.025139664804469275,0.04904632152588556,0.15508464179229536,7712,0,349,9
0.678,1.0,0.025139664804469275,0.04904632152588556,0.15508464179229536,7712,0,349,9
0.679,1.0,0.025139664804469275,0.04904632152588556,0.15508464179229536,7712,0,349,9
0.68,1.0,0.025139664804469275,0.04904632152588556,0.15508464179229536,7712,0,349,9
0.681,1.0,0.025139664804469275,0.04904632152588556,0.15508464179229536,7712,0,349,9
0.682,1.0,0.025139664804469275,0.04904632152588556,0.15508464179229536,7712,0,349,9
0.683,1.0,0.025139664804469275,0.04904632152588556,0.15508464179229536,7712,0,349,9
0.684,1.0,0.025139664804469275,0.04904632152588556,0.15508464179229536,7712,0,349,9
0.685,1.0,0.025139664804469275,0.04904632152588556,0.15508464179229536,7712,0,349,9
0.686,1.0,0.025139664804469275,0.04904632152588556,0.15508464179229536,7712,0,349,9
0.687,1.0,0.025139664804469275,0.04904632152588556,0.15508464179229536,7712,0,349,9
0.6880000000000001,1.0,0.025139664804469275,0.04904632152588556,0.15508464179229536,7712,0,349,9
0.6890000000000001,1.0,0.025139664804469275,0.04904632152588556,0.15508464179229536,7712,0,349,9
0.6900000000000001,1.0,0.025139664804469275,0.04904632152588556,0.15508464179229536,7712,0,349,9
0.6910000000000001,1.0,0.025139664804469275,0.04904632152588556,0.15508464179229536,7712,0,349,9
0.6920000000000001,1.0,0.025139664804469275,0.04904632152588556,0.15508464179229536,7712,0,349,9
0.6930000000000001,1.0,0.025139664804469275,0.04904632152588556,0.15508464179229536,7712,0,349,9
0.6940000000000001,1.0,0.025139664804469275,0.04904632152588556,0.15508464179229536,7712,0,349,9
0.6950000000000001,1.0,0.025139664804469275,0.04904632152588556,0.15508464179229536,7712,0,349,9
0.6960000000000001,1.0,0.025139664804469275,0.04904632152588556,0.15508464179229536,7712,0,349,9
0.6970000000000001,1.0,0.025139664804469275,0.04904632152588556,0.15508464179229536,7712,0,349,9
0.6980000000000001,1.0,0.025139664804469275,0.04904632152588556,0.15508464179229536,7712,0,349,9
0.6990000000000001,1.0,0.025139664804469275,0.04904632152588556,0.15508464179229536,7712,0,349,9
0.7000000000000001,1.0,0.025139664804469275,0.04904632152588556,0.15508464179229536,7712,0,349,9
0.7010000000000001,1.0,0.025139664804469275,0.04904632152588556,0.15508464179229536,7712,0,349,9
0.7020000000000001,1.0,0.025139664804469275,0.04904632152588556,0.15508464179229536,7712,0,349,9
0.7030000000000001,1.0,0.025139664804469275,0.04904632152588556,0.15508464179229536,7712,0,349,9
0.7040000000000001,1.0,0.025139664804469275,0.04904632152588556,0.15508464179229536,7712,0,349,9
0.705,1.0,0.025139664804469275,0.04904632152588556,0.15508464179229536,7712,0,349,9
0.706,1.0,0.025139664804469275,0.04904632152588556,0.15508464179229536,7712,0,349,9
0.707,1.0,0.025139664804469275,0.04904632152588556,0.15508464179229536,7712,0,349,9
0.708,1.0,0.025139664804469275,0.04904632152588556,0.15508464179229536,7712,0,349,9
0.709,1.0,0.025139664804469275,0.04904632152588556,0.15508464179229536,7712,0,349,9
0.71,1.0,0.025139664804469275,0.04904632152588556,0.15508464179229536,7712,0,349,9
0.711,1.0,0.025139664804469275,0.04904632152588556,0.15508464179229536,7712,0,349,9
0.712,1.0,0.025139664804469275,0.04904632152588556,0.15508464179229536,7712,0,349,9
0.713,1.0,0.025139664804469275,0.04904632152588556,0.15508464179229536,7712,0,349,9
0.714,1.0,0.025139664804469275,0.04904632152588556,0.15508464179229536,7712,0,349,9
0.715,1.0,0.025139664804469275,0.04904632152588556,0.15508464179229536,7712,0,349,9
0.716,1.0,0.025139664804469275,0.04904632152588556,0.15508464179229536,7712,0,349,9
0.717,1.0,0.025139664804469275,0.04904632152588556,0.15508464179229536,7712,0,349,9
0.718,1.0,0.025139664804469275,0.04904632152588556,0.15508464179229536,7712,0,349,9
0.719,1.0,0.0223463687150838,0.04371584699453552,0.14620613403924895,7712,0,350,8
0.72,1.0,0.0223463687150838,0.04371584699453552,0.14620613403924895,7712,0,350,8
0.721,1.0,0.0223463687150838,0.04371584699453552,0.14620613403924895,7712,0,350,8
0.722,1.0,0.0223463687150838,0.04371584699453552,0.14620613403924895,7712,0,350,8
0.723,1.0,0.0223463687150838,0.04371584699453552,0.14620613403924895,7712,0,350,8
0.724,1.0,0.0223463687150838,0.04371584699453552,0.14620613403924895,7712,0,350,8
0.725,1.0,0.0223463687150838,0.04371584699453552,0.14620613403924895,7712,0,350,8
0.726,1.0,0.0223463687150838,0.04371584699453552,0.14620613403924895,7712,0,350,8
0.727,1.0,0.0223463687150838,0.04371584699453552,0.14620613403924895,7712,0,350,8
0.728,1.0,0.0223463687150838,0.04371584699453552,0.14620613403924895,7712,0,350,8
0.729,1.0,0.0223463687150838,0.04371584699453552,0.14620613403924895,7712,0,350,8
0.73,1.0,0.0223463687150838,0.04371584699453552,0.14620613403924895,7712,0,350,8
0.731,1.0,0.0223463687150838,0.04371584699453552,0.14620613403924895,7712,0,350,8
0.732,1.0,0.0223463687150838,0.04371584699453552,0.14620613403924895,7712,0,350,8
0.733,1.0,0.0223463687150838,0.04371584699453552,0.14620613403924895,7712,0,350,8
0.734,1.0,0.0223463687150838,0.04371584699453552,0.14620613403924895,7712,0,350,8
0.735,1.0,0.0223463687150838,0.04371584699453552,0.14620613403924895,7712,0,350,8
0.736,1.0,0.0223463687150838,0.04371584699453552,0.14620613403924895,7712,0,350,8
0.737,1.0,0.0223463687150838,0.04371584699453552,0.14620613403924895,7712,0,350,8
0.738,1.0,0.0223463687150838,0.04371584699453552,0.14620613403924895,7712,0,350,8
0.739,1.0,0.0223463687150838,0.04371584699453552,0.14620613403924895,7712,0,350,8
0.74,1.0,0.0223463687150838,0.04371584699453552,0.14620613403924895,7712,0,350,8
0.741,1.0,0.0223463687150838,0.04371584699453552,0.14620613403924895,7712,0,350,8
0.742,1.0,0.019553072625698324,0.038356164383561646,0.13675483417196502,7712,0,351,7
0.743,1.0,0.019553072625698324,0.038356164383561646,0.13675483417196502,7712,0,351,7
0.744,1.0,0.019553072625698324,0.038356164383561646,0.13675483417196502,7712,0,351,7
0.745,1.0,0.019553072625698324,0.038356164383561646,0.13675483417196502,7712,0,351,7
0.746,1.0,0.019553072625698324,0.038356164383561646,0.13675483417196502,7712,0,351,7
0.747,1.0,0.019553072625698324,0.038356164383561646,0.13675483417196502,7712,0,351,7
0.748,1.0,0.019553072625698324,0.038356164383561646,0.13675483417196502,7712,0,351,7
0.749,1.0,0.019553072625698324,0.038356164383561646,0.13675483417196502,7712,0,351,7
0.75,1.0,0.019553072625698324,0.038356164383561646,0.13675483417196502,7712,0,351,7
0.751,1.0,0.019553072625698324,0.038356164383561646,0.13675483417196502,7712,0,351,7
0.752,1.0,0.019553072625698324,0.038356164383561646,0.13675483417196502,7712,0,351,7
0.753,1.0,0.019553072625698324,0.038356164383561646,0.13675483417196502,7712,0,351,7
0.754,1.0,0.019553072625698324,0.038356164383561646,0.13675483417196502,7712,0,351,7
0.755,1.0,0.019553072625698324,0.038356164383561646,0.13675483417196502,7712,0,351,7
0.756,1.0,0.019553072625698324,0.038356164383561646,0.13675483417196502,7712,0,351,7
0.757,1.0,0.019553072625698324,0.038356164383561646,0.13675483417196502,7712,0,351,7
0.758,1.0,0.019553072625698324,0.038356164383561646,0.13675483417196502,7712,0,351,7
0.759,1.0,0.019553072625698324,0.038356164383561646,0.13675483417196502,7712,0,351,7
0.76,1.0,0.019553072625698324,0.038356164383561646,0.13675483417196502,7712,0,351,7
0.761,1.0,0.019553072625698324,0.038356164383561646,0.13675483417196502,7712,0,351,7
0.762,1.0,0.019553072625698324,0.038356164383561646,0.13675483417196502,7712,0,351,7
0.763,1.0,0.019553072625698324,0.038356164383561646,0.13675483417196502,7712,0,351,7
0.764,1.0,0.019553072625698324,0.038356164383561646,0.13675483417196502,7712,0,351,7
0.765,1.0,0.019553072625698324,0.038356164383561646,0.13675483417196502,7712,0,351,7
0.766,1.0,0.019553072625698324,0.038356164383561646,0.13675483417196502,7712,0,351,7
0.767,1.0,0.019553072625698324,0.038356164383561646,0.13675483417196502,7712,0,351,7
0.768,1.0,0.01675977653631285,0.03296703296703297,0.1266025236284524,7712,0,352,6
0.769,1.0,0.01675977653631285,0.03296703296703297,0.1266025236284524,7712,0,352,6
0.77,1.0,0.013966480446927373,0.027548209366391185,0.11556459813909578,7712,0,353,5
0.771,1.0,0.013966480446927373,0.027548209366391185,0.11556459813909578,7712,0,353,5
0.772,1.0,0.013966480446927373,0.027548209366391185,0.11556459813909578,7712,0,353,5
0.773,1.0,0.013966480446927373,0.027548209366391185,0.11556459813909578,7712,0,353,5
0.774,1.0,0.013966480446927373,0.027548209366391185,0.11556459813909578,7712,0,353,5
0.775,1.0,0.013966480446927373,0.027548209366391185,0.11556459813909578,7712,0,353,5
0.776,1.0,0.013966480446927373,0.027548209366391185,0.11556459813909578,7712,0,353,5
0.777,1.0,0.013966480446927373,0.027548209366391185,0.11556459813909578,7712,0,353,5
0.778,1.0,0.013966480446927373,0.027548209366391185,0.11556459813909578,7712,0,353,5
0.779,1.0,0.013966480446927373,0.027548209366391185,0.11556459813909578,7712,0,353,5
0.78,1.0,0.013966480446927373,0.027548209366391185,0.11556459813909578,7712,0,353,5
0.781,1.0,0.013966480446927373,0.027548209366391185,0.11556459813909578,7712,0,353,5
0.782,1.0,0.013966480446927373,0.027548209366391185,0.11556459813909578,7712,0,353,5
0.783,1.0,0.013966480446927373,0.027548209366391185,0.11556459813909578,7712,0,353,5
0.784,1.0,0.013966480446927373,0.027548209366391185,0.11556459813909578,7712,0,353,5
0.785,1.0,0.013966480446927373,0.027548209366391185,0.11556459813909578,7712,0,353,5
0.786,1.0,0.013966480446927373,0.027548209366391185,0.11556459813909578,7712,0,353,5
0.787,1.0,0.013966480446927373,0.027548209366391185,0.11556459813909578,7712,0,353,5
0.788,1.0,0.013966480446927373,0.027548209366391185,0.11556459813909578,7712,0,353,5
0.789,1.0,0.013966480446927373,0.027548209366391185,0.11556459813909578,7712,0,353,5
0.79,1.0,0.013966480446927373,0.027548209366391185,0.11556459813909578,7712,0,353,5
0.791,1.0,0.013966480446927373,0.027548209366391185,0.11556459813909578,7712,0,353,5
0.792,1.0,0.013966480446927373,0.027548209366391185,0.11556459813909578,7712,0,353,5
0.793,1.0,0.013966480446927373,0.027548209366391185,0.11556459813909578,7712,0,353,5
0.794,1.0,0.013966480446927373,0.027548209366391185,0.11556459813909578,7712,0,353,5
0.795,1.0,0.013966480446927373,0.027548209366391185,0.11556459813909578,7712,0,353,5
0.796,1.0,0.013966480446927373,0.027548209366391185,0.11556459813909578,7712,0,353,5
0.797,1.0,0.013966480446927373,0.027548209366391185,0.11556459813909578,7712,0,353,5
0.798,1.0,0.013966480446927373,0.027548209366391185,0.11556459813909578,7712,0,353,5
0.799,1.0,0.013966480446927373,0.027548209366391185,0.11556459813909578,7712,0,353,5
0.8,1.0,0.013966480446927373,0.027548209366391185,0.11556459813909578,7712,0,353,5
0.801,1.0,0.013966480446927373,0.027548209366391185,0.11556459813909578,7712,0,353,5
0.802,1.0,0.013966480446927373,0.027548209366391185,0.11556459813909578,7712,0,353,5
0.803,1.0,0.013966480446927373,0.027548209366391185,0.11556459813909578,7712,0,353,5
0.804,1.0,0.013966480446927373,0.027548209366391185,0.11556459813909578,7712,0,353,5
0.805,1.0,0.013966480446927373,0.027548209366391185,0.11556459813909578,7712,0,353,5
0.806,1.0,0.013966480446927373,0.027548209366391185,0.11556459813909578,7712,0,353,5
0.807,1.0,0.013966480446927373,0.027548209366391185,0.11556459813909578,7712,0,353,5
0.808,1.0,0.013966480446927373,0.027548209366391185,0.11556459813909578,7712,0,353,5
0.809,1.0,0.013966480446927373,0.027548209366391185,0.11556459813909578,7712,0,353,5
0.81,1.0,0.013966480446927373,0.027548209366391185,0.11556459813909578,7712,0,353,5
0.811,1.0,0.013966480446927373,0.027548209366391185,0.11556459813909578,7712,0,353,5
0.812,1.0,0.013966480446927373,0.027548209366391185,0.11556459813909578,7712,0,353,5
0.8130000000000001,1.0,0.013966480446927373,0.027548209366391185,0.11556459813909578,7712,0,353,5
0.8140000000000001,1.0,0.008379888268156424,0.01662049861495845,0.08950485555250726,7712,0,355,3
0.8150000000000001,1.0,0.008379888268156424,0.01662049861495845,0.08950485555250726,7712,0,355,3
0.8160000000000001,1.0,0.008379888268156424,0.01662049861495845,0.08950485555250726,7712,0,355,3
0.8170000000000001,1.0,0.008379888268156424,0.01662049861495845,0.08950485555250726,7712,0,355,3
0.8180000000000001,1.0,0.008379888268156424,0.01662049861495845,0.08950485555250726,7712,0,355,3
0.8190000000000001,1.0,0.008379888268156424,0.01662049861495845,0.08950485555250726,7712,0,355,3
0.8200000000000001,1.0,0.008379888268156424,0.01662049861495845,0.08950485555250726,7712,0,355,3
0.8210000000000001,1.0,0.008379888268156424,0.01662049861495845,0.08950485555250726,7712,0,355,3
0.8220000000000001,1.0,0.008379888268156424,0.01662049861495845,0.08950485555250726,7712,0,355,3
0.8230000000000001,1.0,0.008379888268156424,0.01662049861495845,0.08950485555250726,7712,0,355,3
0.8240000000000001,1.0,0.008379888268156424,0.01662049861495845,0.08950485555250726,7712,0,355,3
0.8250000000000001,1.0,0.008379888268156424,0.01662049861495845,0.08950485555250726,7712,0,355,3
0.8260000000000001,1.0,0.008379888268156424,0.01662049861495845,0.08950485555250726,7712,0,355,3
0.8270000000000001,1.0,0.008379888268156424,0.01662049861495845,0.08950485555250726,7712,0,355,3
0.8280000000000001,1.0,0.008379888268156424,0.01662049861495845,0.08950485555250726,7712,0,355,3
0.8290000000000001,1.0,0.008379888268156424,0.01662049861495845,0.08950485555250726,7712,0,355,3
0.8300000000000001,1.0,0.008379888268156424,0.01662049861495845,0.08950485555250726,7712,0,355,3
0.8310000000000001,1.0,0.008379888268156424,0.01662049861495845,0.08950485555250726,7712,0,355,3
0.8320000000000001,1.0,0.008379888268156424,0.01662049861495845,0.08950485555250726,7712,0,355,3
0.8330000000000001,1.0,0.008379888268156424,0.01662049861495845,0.08950485555250726,7712,0,355,3
0.834,1.0,0.008379888268156424,0.01662049861495845,0.08950485555250726,7712,0,355,3
0.835,1.0,0.008379888268156424,0.01662049861495845,0.08950485555250726,7712,0,355,3
0.836,1.0,0.008379888268156424,0.01662049861495845,0.08950485555250726,7712,0,355,3
0.837,1.0,0.008379888268156424,0.01662049861495845,0.08950485555250726,7712,0,355,3
0.838,1.0,0.008379888268156424,0.01662049861495845,0.08950485555250726,7712,0,355,3
0.839,1.0,0.008379888268156424,0.01662049861495845,0.08950485555250726,7712,0,355,3
0.84,1.0,0.008379888268156424,0.01662049861495845,0.08950485555250726,7712,0,355,3
0.841,1.0,0.008379888268156424,0.01662049861495845,0.08950485555250726,7712,0,355,3
0.842,1.0,0.008379888268156424,0.01662049861495845,0.08950485555250726,7712,0,355,3
0.843,1.0,0.008379888268156424,0.01662049861495845,0.08950485555250726,7712,0,355,3
0.844,1.0,0.008379888268156424,0.01662049861495845,0.08950485555250726,7712,0,355,3
0.845,1.0,0.008379888268156424,0.01662049861495845,0.08950485555250726,7712,0,355,3
0.846,1.0,0.008379888268156424,0.01662049861495845,0.08950485555250726,7712,0,355,3
0.847,1.0,0.008379888268156424,0.01662049861495845,0.08950485555250726,7712,0,355,3
0.848,1.0,0.008379888268156424,0.01662049861495845,0.08950485555250726,7712,0,355,3
0.849,1.0,0.008379888268156424,0.01662049861495845,0.08950485555250726,7712,0,355,3
0.85,1.0,0.008379888268156424,0.01662049861495845,0.08950485555250726,7712,0,355,3
0.851,1.0,0.008379888268156424,0.01662049861495845,0.08950485555250726,7712,0,355,3
0.852,1.0,0.008379888268156424,0.01662049861495845,0.08950485555250726,7712,0,355,3
0.853,1.0,0.008379888268156424,0.01662049861495845,0.08950485555250726,7712,0,355,3
0.854,1.0,0.008379888268156424,0.01662049861495845,0.08950485555250726,7712,0,355,3
0.855,1.0,0.008379888268156424,0.01662049861495845,0.08950485555250726,7712,0,355,3
0.856,1.0,0.008379888268156424,0.01662049861495845,0.08950485555250726,7712,0,355,3
0.857,1.0,0.008379888268156424,0.01662049861495845,0.08950485555250726,7712,0,355,3
0.858,1.0,0.008379888268156424,0.01662049861495845,0.08950485555250726,7712,0,355,3
0.859,1.0,0.008379888268156424,0.01662049861495845,0.08950485555250726,7712,0,355,3
0.86,1.0,0.008379888268156424,0.01662049861495845,0.08950485555250726,7712,0,355,3
0.861,1.0,0.008379888268156424,0.01662049861495845,0.08950485555250726,7712,0,355,3
0.862,1.0,0.008379888268156424,0.01662049861495845,0.08950485555250726,7712,0,355,3
0.863,1.0,0.008379888268156424,0.01662049861495845,0.08950485555250726,7712,0,355,3
0.864,1.0,0.008379888268156424,0.01662049861495845,0.08950485555250726,7712,0,355,3
0.865,1.0,0.008379888268156424,0.01662049861495845,0.08950485555250726,7712,0,355,3
0.866,1.0,0.008379888268156424,0.01662049861495845,0.08950485555250726,7712,0,355,3
0.867,1.0,0.008379888268156424,0.01662049861495845,0.08950485555250726,7712,0,355,3
0.868,1.0,0.008379888268156424,0.01662049861495845,0.08950485555250726,7712,0,355,3
0.869,1.0,0.008379888268156424,0.01662049861495845,0.08950485555250726,7712,0,355,3
0.87,1.0,0.008379888268156424,0.01662049861495845,0.08950485555250726,7712,0,355,3
0.871,1.0,0.008379888268156424,0.01662049861495845,0.08950485555250726,7712,0,355,3
0.872,1.0,0.008379888268156424,0.01662049861495845,0.08950485555250726,7712,0,355,3
0.873,1.0,0.008379888268156424,0.01662049861495845,0.08950485555250726,7712,0,355,3
0.874,1.0,0.008379888268156424,0.01662049861495845,0.08950485555250726,7712,0,355,3
0.875,1.0,0.008379888268156424,0.01662049861495845,0.08950485555250726,7712,0,355,3
0.876,1.0,0.008379888268156424,0.01662049861495845,0.08950485555250726,7712,0,355,3
0.877,1.0,0.008379888268156424,0.01662049861495845,0.08950485555250726,7712,0,355,3
0.878,1.0,0.008379888268156424,0.01662049861495845,0.08950485555250726,7712,0,355,3
0.879,1.0,0.008379888268156424,0.01662049861495845,0.08950485555250726,7712,0,355,3
0.88,1.0,0.008379888268156424,0.01662049861495845,0.08950485555250726,7712,0,355,3
0.881,1.0,0.008379888268156424,0.01662049861495845,0.08950485555250726,7712,0,355,3
0.882,1.0,0.008379888268156424,0.01662049861495845,0.08950485555250726,7712,0,355,3
0.883,1.0,0.008379888268156424,0.01662049861495845,0.08950485555250726,7712,0,355,3
0.884,1.0,0.008379888268156424,0.01662049861495845,0.08950485555250726,7712,0,355,3
0.885,1.0,0.008379888268156424,0.01662049861495845,0.08950485555250726,7712,0,355,3
0.886,1.0,0.008379888268156424,0.01662049861495845,0.08950485555250726,7712,0,355,3
0.887,1.0,0.008379888268156424,0.01662049861495845,0.08950485555250726,7712,0,355,3
0.888,1.0,0.008379888268156424,0.01662049861495845,0.08950485555250726,7712,0,355,3
0.889,1.0,0.008379888268156424,0.01662049861495845,0.08950485555250726,7712,0,355,3
0.89,1.0,0.008379888268156424,0.01662049861495845,0.08950485555250726,7712,0,355,3
0.891,1.0,0.008379888268156424,0.01662049861495845,0.08950485555250726,7712,0,355,3
0.892,1.0,0.008379888268156424,0.01662049861495845,0.08950485555250726,7712,0,355,3
0.893,1.0,0.008379888268156424,0.01662049861495845,0.08950485555250726,7712,0,355,3
0.894,1.0,0.008379888268156424,0.01662049861495845,0.08950485555250726,7712,0,355,3
0.895,1.0,0.008379888268156424,0.01662049861495845,0.08950485555250726,7712,0,355,3
0.896,1.0,0.008379888268156424,0.01662049861495845,0.08950485555250726,7712,0,355,3
0.897,1.0,0.008379888268156424,0.01662049861495845,0.08950485555250726,7712,0,355,3
0.898,1.0,0.008379888268156424,0.01662049861495845,0.08950485555250726,7712,0,355,3
0.899,1.0,0.008379888268156424,0.01662049861495845,0.08950485555250726,7712,0,355,3
0.9,1.0,0.008379888268156424,0.01662049861495845,0.08950485555250726,7712,0,355,3
0.901,1.0,0.008379888268156424,0.01662049861495845,0.08950485555250726,7712,0,355,3
0.902,1.0,0.008379888268156424,0.01662049861495845,0.08950485555250726,7712,0,355,3
0.903,1.0,0.008379888268156424,0.01662049861495845,0.08950485555250726,7712,0,355,3
0.904,1.0,0.008379888268156424,0.01662049861495845,0.08950485555250726,7712,0,355,3
0.905,1.0,0.008379888268156424,0.01662049861495845,0.08950485555250726,7712,0,355,3
0.906,1.0,0.008379888268156424,0.01662049861495845,0.08950485555250726,7712,0,355,3
0.907,1.0,0.008379888268156424,0.01662049861495845,0.08950485555250726,7712,0,355,3
0.908,1.0,0.008379888268156424,0.01662049861495845,0.08950485555250726,7712,0,355,3
0.909,1.0,0.008379888268156424,0.01662049861495845,0.08950485555250726,7712,0,355,3
0.91,1.0,0.008379888268156424,0.01662049861495845,0.08950485555250726,7712,0,355,3
0.911,1.0,0.008379888268156424,0.01662049861495845,0.08950485555250726,7712,0,355,3
0.912,1.0,0.008379888268156424,0.01662049861495845,0.08950485555250726,7712,0,355,3
0.913,1.0,0.008379888268156424,0.01662049861495845,0.08950485555250726,7712,0,355,3
0.914,1.0,0.008379888268156424,0.01662049861495845,0.08950485555250726,7712,0,355,3
0.915,1.0,0.008379888268156424,0.01662049861495845,0.08950485555250726,7712,0,355,3
0.916,1.0,0.008379888268156424,0.01662049861495845,0.08950485555250726,7712,0,355,3
0.917,1.0,0.008379888268156424,0.01662049861495845,0.08950485555250726,7712,0,355,3
0.918,1.0,0.008379888268156424,0.01662049861495845,0.08950485555250726,7712,0,355,3
0.919,1.0,0.008379888268156424,0.01662049861495845,0.08950485555250726,7712,0,355,3
0.92,1.0,0.008379888268156424,0.01662049861495845,0.08950485555250726,7712,0,355,3
0.921,1.0,0.008379888268156424,0.01662049861495845,0.08950485555250726,7712,0,355,3
0.922,1.0,0.008379888268156424,0.01662049861495845,0.08950485555250726,7712,0,355,3
0.923,1.0,0.008379888268156424,0.01662049861495845,0.08950485555250726,7712,0,355,3
0.924,1.0,0.008379888268156424,0.01662049861495845,0.08950485555250726,7712,0,355,3
0.925,1.0,0.008379888268156424,0.01662049861495845,0.08950485555250726,7712,0,355,3
0.926,1.0,0.008379888268156424,0.01662049861495845,0.08950485555250726,7712,0,355,3
0.927,1.0,0.008379888268156424,0.01662049861495845,0.08950485555250726,7712,0,355,3
0.928,1.0,0.008379888268156424,0.01662049861495845,0.08950485555250726,7712,0,355,3
0.929,1.0,0.008379888268156424,0.01662049861495845,0.08950485555250726,7712,0,355,3
0.93,1.0,0.008379888268156424,0.01662049861495845,0.08950485555250726,7712,0,355,3
0.931,1.0,0.008379888268156424,0.01662049861495845,0.08950485555250726,7712,0,355,3
0.932,1.0,0.008379888268156424,0.01662049861495845,0.08950485555250726,7712,0,355,3
0.933,1.0,0.008379888268156424,0.01662049861495845,0.08950485555250726,7712,0,355,3
0.934,1.0,0.008379888268156424,0.01662049861495845,0.08950485555250726,7712,0,355,3
0.935,1.0,0.008379888268156424,0.01662049861495845,0.08950485555250726,7712,0,355,3
0.936,1.0,0.008379888268156424,0.01662049861495845,0.08950485555250726,7712,0,355,3
0.937,1.0,0.008379888268156424,0.01662049861495845,0.08950485555250726,7712,0,355,3
0.9380000000000001,1.0,0.008379888268156424,0.01662049861495845,0.08950485555250726,7712,0,355,3
0.9390000000000001,1.0,0.008379888268156424,0.01662049861495845,0.08950485555250726,7712,0,355,3
0.9400000000000001,1.0,0.008379888268156424,0.01662049861495845,0.08950485555250726,7712,0,355,3
0.9410000000000001,1.0,0.008379888268156424,0.01662049861495845,0.08950485555250726,7712,0,355,3
0.9420000000000001,1.0,0.008379888268156424,0.01662049861495845,0.08950485555250726,7712,0,355,3
0.9430000000000001,1.0,0.008379888268156424,0.01662049861495845,0.08950485555250726,7712,0,355,3
0.9440000000000001,1.0,0.008379888268156424,0.01662049861495845,0.08950485555250726,7712,0,355,3
0.9450000000000001,1.0,0.008379888268156424,0.01662049861495845,0.08950485555250726,7712,0,355,3
0.9460000000000001,1.0,0.008379888268156424,0.01662049861495845,0.08950485555250726,7712,0,355,3
0.9470000000000001,1.0,0.008379888268156424,0.01662049861495845,0.08950485555250726,7712,0,355,3
0.9480000000000001,1.0,0.008379888268156424,0.01662049861495845,0.08950485555250726,7712,0,355,3
0.9490000000000001,1.0,0.008379888268156424,0.01662049861495845,0.08950485555250726,7712,0,355,3
0.9500000000000001,1.0,0.008379888268156424,0.01662049861495845,0.08950485555250726,7712,0,355,3
0.9510000000000001,1.0,0.008379888268156424,0.01662049861495845,0.08950485555250726,7712,0,355,3
0.9520000000000001,1.0,0.008379888268156424,0.01662049861495845,0.08950485555250726,7712,0,355,3
0.9530000000000001,1.0,0.008379888268156424,0.01662049861495845,0.08950485555250726,7712,0,355,3
0.9540000000000001,1.0,0.00558659217877095,0.011111111111111112,0.07307587936591546,7712,0,356,2
0.9550000000000001,1.0,0.00558659217877095,0.011111111111111112,0.07307587936591546,7712,0,356,2
0.9560000000000001,1.0,0.002793296089385475,0.005571030640668524,0.05166924782997142,7712,0,357,1
0.9570000000000001,1.0,0.002793296089385475,0.005571030640668524,0.05166924782997142,7712,0,357,1
0.9580000000000001,1.0,0.002793296089385475,0.005571030640668524,0.05166924782997142,7712,0,357,1
0.9590000000000001,1.0,0.002793296089385475,0.005571030640668524,0.05166924782997142,7712,0,357,1
0.9600000000000001,1.0,0.002793296089385475,0.005571030640668524,0.05166924782997142,7712,0,357,1
0.961,1.0,0.002793296089385475,0.005571030640668524,0.05166924782997142,7712,0,357,1
0.962,1.0,0.002793296089385475,0.005571030640668524,0.05166924782997142,7712,0,357,1
0.963,1.0,0.002793296089385475,0.005571030640668524,0.05166924782997142,7712,0,357,1
0.964,1.0,0.002793296089385475,0.005571030640668524,0.05166924782997142,7712,0,357,1
0.965,0.0,0.0,0.0,0.0,7712,0,358,0
0.966,0.0,0.0,0.0,0.0,7712,0,358,0
0.967,0.0,0.0,0.0,0.0,7712,0,358,0
0.968,0.0,0.0,0.0,0.0,7712,0,358,0
0.969,0.0,0.0,0.0,0.0,7712,0,358,0
0.97,0.0,0.0,0.0,0.0,7712,0,358,0
0.971,0.0,0.0,0.0,0.0,7712,0,358,0
0.972,0.0,0.0,0.0,0.0,7712,0,358,0
0.973,0.0,0.0,0.0,0.0,7712,0,358,0
0.974,0.0,0.0,0.0,0.0,7712,0,358,0
0.975,0.0,0.0,0.0,0.0,7712,0,358,0
0.976,0.0,0.0,0.0,0.0,7712,0,358,0
0.977,0.0,0.0,0.0,0.0,7712,0,358,0
0.978,0.0,0.0,0.0,0.0,7712,0,358,0
0.979,0.0,0.0,0.0,0.0,7712,0,358,0
0.98,0.0,0.0,0.0,0.0,7712,0,358,0
0.981,0.0,0.0,0.0,0.0,7712,0,358,0
0.982,0.0,0.0,0.0,0.0,7712,0,358,0
0.983,0.0,0.0,0.0,0.0,7712,0,358,0
0.984,0.0,0.0,0.0,0.0,7712,0,358,0
0.985,0.0,0.0,0.0,0.0,7712,0,358,0
0.986,0.0,0.0,0.0,0.0,7712,0,358,0
0.987,0.0,0.0,0.0,0.0,7712,0,358,0
0.988,0.0,0.0,0.0,0.0,7712,0,358,0
0.989,0.0,0.0,0.0,0.0,7712,0,358,0
0.99,0.0,0.0,0.0,0.0,7712,0,358,0
0.991,0.0,0.0,0.0,0.0,7712,0,358,0
0.992,0.0,0.0,0.0,0.0,7712,0,358,0
0.993,0.0,0.0,0.0,0.0,7712,0,358,0
0.994,0.0,0.0,0.0,0.0,7712,0,358,0
0.995,0.0,0.0,0.0,0.0,7712,0,358,0
0.996,0.0,0.0,0.0,0.0,7712,0,358,0
0.997,0.0,0.0,0.0,0.0,7712,0,358,0
0.998,0.0,0.0,0.0,0.0,7712,0,358,0
0.999,0.0,0.0,0.0,0.0,7712,0,358,0
